Estatus,Area,edad_meses,antiguedad del caso,MUNICPIO_C_I,GENERO,Abogado
situacion juridica resuelta,lactantes,4.46817248459959,3.268993839835729,chimalhuacan,M,rene
situacion juridica resuelta,lactantes,4.303901437371663,3.011635865845312,tlanepantla de baz,M,rene
situacion juridica resuelta,lactantes,0.4271047227926078,2.047912388774812,chalco solidaridad,H,rene
situacion juridica resuelta,lactantes,0.7885010266940452,2.8145106091718,toluca,H,rene
situacion juridica resuelta,lactantes,0.9527720739219713,1.319644079397673,tultitlan,H,rene
situacion juridica resuelta,lactantes,39.68788501026694,4.695414099931554,valle de bravo,M,rene
reintegracion,lactantes,0.8213552361396304,1.552361396303901,tecamac,M,rene
reintegracion,lactantes,20.79671457905544,0.1670088980150582,donato guerra,H,rene
adopcion,lactantes,0.5913757700205339,1.075975359342916,ecatepec de morelos,M,rene
adopcion,lactantes,4.073921971252567,2.431211498973306,ixtapaluca,M,rene
adopcion,lactantes,17.08418891170431,0.5585215605749486,toluca,M,rene
adopcion,lactantes,0.1971252566735113,1.486652977412731,atizapan de zaragosa,H,rene
en juicio,lactantes,0.8213552361396304,2.130047912388775,naucalpan de juarez,H,rene
en juicio,lactantes,1.347022587268994,2.978781656399726,tultitlan,M,rene
en juicio,lactantes,5.519507186858316,0.6680355920602327,toluca,M,rene
en juicio,lactantes,2.694045174537988,0.9034907597535934,toluca,H,rene
en juicio,lactantes,16.19712525667351,0.5749486652977412,ecatepec de morelos,M,rene
sin resolver,lactantes,0.3285420944558521,1.834360027378508,ecatepec de morelos,H,rene
sin resolver,lactantes,1.412731006160164,1.352498288843258,naucalpan de juarez,H,rene
sin resolver,lactantes,0.06570841889117043,0.971937029431896,chalco solidaridad,M,rene
sin resolver,lactantes,0.5913757700205339,0.9582477754962354,atlacomulco,M,rene
sin resolver,lactantes,17.64271047227926,0.7638603696098563,chalco solidaridad,H,rene
sin resolver,lactantes,18.6611909650924,0.7008898015058179,xonacatlan,H,rene
sin resolver,lactantes,0.2628336755646817,0.5859000684462696,toluca,H,rene
sin resolver,lactantes,0.1642710472279261,0.5174537987679672,tultitlan,H,rene
sin resolver,lactantes,0.2628336755646817,0.4955509924709103,tultitlan,H,rene
sin resolver,lactantes,0.459958932238193,0.405201916495551,toluca,M,rene
sin resolver,lactantes,1.806981519507187,0.3011635865845311,toluca,H,rene
sin resolver,lactantes,2.759753593429158,0.2847364818617386,nezahualcoyotl,H,rene
sin resolver,lactantes,0.03285420944558522,0.2655715263518138,toluca,M,rene
sin resolver,lactantes,1.57700205338809,0.2819986310746064,cuautitlan izcalli,M,rene
situacion juridica resuelta,maternal,55.22792607802874,0.4490075290896646,ecatepec de morelos,H,rene
situacion juridica resuelta,maternal,54.04517453798768,0.4161533196440794,toluca,H,rene
situacion juridica resuelta,maternal,14.58726899383984,3.337440109514032,nezahualcoyotl,M,rene
situacion juridica resuelta,maternal,5.585215605749486,3.200547570157426,toluca,M,rene
situacion juridica resuelta,maternal,0.9199178644763859,4.635181382614648,toluca,H,rene
adopcion,maternal,13.43737166324435,3.159479808350445,chalco solidaridad,M,rene
en juicio,maternal,7.457905544147843,3.049965776865161,toluca,M,rene
en juicio,maternal,1.609856262833675,4.191649555099247,chalco solidaridad,H,rene
en juicio,maternal,8.37782340862423,2.357289527720739,zumpango,M,rene
en juicio,maternal,36.76386036960986,0.5749486652977412,tlanepantla de baz,M,rene
en juicio,maternal,0.03285420944558522,4.336755646817249,toluca,H,rene
en juicio,maternal,26.57905544147844,2.053388090349076,naucalpan de juarez,H,rene
sin resolver,maternal,16.06570841889117,1.990417522245038,tecamac,M,rene
sin resolver,maternal,39.22792607802874,0.7255304585900069,toluca,M,rene
sin resolver,maternal,30.652977412731,0.7008898015058179,xonacatlan,M,rene
sin resolver,maternal,34.72689938398358,0.6105407255304586,ecatepec de morelos,H,rene
sin resolver,maternal,32.26283367556468,0.5667351129363449,toluca,H,rene
sin resolver,maternal,44.25462012320328,0.3942505133470226,tenango,H,rene
reintegracion,maternal,40.77207392197125,0.6050650239561944,cuautitlan izcalli,M,rene
canalizado colocar lugar,mediana,57.3305954825462,2.811772758384668,toluca,M,paola
reintegracion,mediana,41.49486652977413,5.642710472279261,toluca,M,paola
reintegracion,mediana,85.38809034907598,5.010266940451745,toluca,M,paola
reintegracion,mediana,67.05544147843943,4.887063655030801,chimalhuacan,M,paola
reintegracion,mediana,68.07392197125256,5.117043121149897,nezahualcoyotl,M,paola
reintegracion,mediana,75.26899383983573,5.475701574264202,toluca,M,paola
reintegracion,mediana,77.04312114989733,5.273100616016428,toluca,M,paola
reintegracion,mediana,64.8870636550308,4.539356605065024,toluca,H,paola
reintegracion,mediana,63.67145790554414,5.130732375085558,toluca,M,paola
reintegracion,mediana,90.18480492813141,3.701574264202601,huixquilucan,M,paola
reintegracion,mediana,71.85215605749487,3.822039698836413,ocoyoacac,M,paola
reintegracion,mediana,78.29158110882958,5.440109514031485,almoloya de alquisiras sultepec,M,paola
reintegracion,mediana,93.7659137577002,3.832991101984942,toluca,M,paola
reintegracion,mediana,80.55852156057495,3.832991101984942,toluca,M,paola
reintegracion,mediana,71.62217659137576,4.717316906228611,toluca,M,paola
reintegracion,mediana,48.8870636550308,3.195071868583162,ixtapaluca,M,paola
reintegracion,mediana,49.41273100616017,4.717316906228611,san mateo atenco,M,paola
reintegracion,mediana,83.97535934291581,3.033538672142368,nicolas romero,M,paola
reintegracion,mediana,64.98562628336755,2.387405886379192,chimalhuacan,M,paola
reintegracion,mediana,39.29363449691992,2.798083504449008,chimalhuacan,M,paola
reintegracion,mediana,69.91375770020534,2.127310061601643,cuautitlan izcalli,M,paola
reintegracion,mediana,70.11088295687884,2.083504449007529,huixquilucan,H,paola
reintegracion,mediana,71.39219712525667,1.683778234086242,xonacatlan,M,paola
reintegracion,mediana,55.75359342915812,1.319644079397673,honduras,M,paola
reintegracion,mediano,75.92607802874744,5.642710472279261,toluca,H,paola
reintegracion,mediano,81.3141683778234,4.955509924709103,nezahualcoyotl,H,paola
reintegracion,mediano,55.22792607802874,4.955509924709103,honduras,H,paola
reintegracion,mediano,39.58932238193019,5.051334702258726,texcoco,H,paola
reintegracion,mediano,58.84188911704312,4.654346338124572,toluca,H,paola
reintegracion,mediano,43.20328542094456,4.750171115674195,toluca,H,paola
reintegracion,mediano,83.64681724845997,4.750171115674195,toluca,H,paola
reintegracion,mediano,83.64681724845997,4.750171115674195,toluca,H,paola
reintegracion,mediano,60.58316221765914,5.475701574264202,tultitlan,H,paola
reintegracion,mediano,40.27926078028747,5.13347022587269,atizapan de zaragosa,H,paola
reintegracion,mediano,91.3347022587269,5.28952772073922,atlacomulco,H,paola
reintegracion,mediano,90.64476386036961,4.131416837782341,toluca,H,paola
reintegracion,mediano,76.8788501026694,4.210814510609172,capulhuac,H,paola
reintegracion,mediano,51.15400410677618,4.539356605065024,ecatepec de morelos,H,paola
reintegracion,mediano,70.04517453798768,4.172484599589322,toluca,H,paola
reintegracion,mediano,87.72073921971253,3.906913073237508,chalco solidaridad,H,paola
reintegracion,mediano,82.59548254620124,3.822039698836413,ecatepec de morelos,H,paola
reintegracion,mediano,84.27104722792609,2.548939082819986,metepec,H,paola
reintegracion,mediano,54.96509240246407,5.174537987679671,toluca,H,paola
reintegracion,mediano,41.19917864476386,5.111567419575633,toluca,H,paola
reintegracion,mediano,86.30800821355237,1.848049281314168,ixtapaluca,H,paola
reintegracion,mediano,59.72895277207392,1.765913757700205,toluca,H,paola
reintegracion,mediano,69.38809034907598,1.724845995893224,toluca,H,paola
reintegracion,mediano,89.23203285420945,2.127310061601643,toluca,H,paola
reintegracion,mediano,46.19301848049281,1.278576317590691,toluca,H,paola
reintegracion,mediano,85.28952772073922,0.7392197125256673,almoloya de juarez,H,paola
reintegracion,mediano,51.77823408624229,0.7392197125256673,almoloya de juarez,H,paola
reintegracion,mediano,43.26899383983573,1.319644079397673,toluca,H,paola
reintegracion,mediano,63.80287474332648,0.7282683093771389,toluca,H,paola
reintegracion,mediano,57.88911704312115,0.7501711156741958,toluca,H,david
reintegracion,mediana,66.13552361396304,0.7255304585900069,toluca,M,paola
reintegracion,mediana,57.92197125256673,0.1670088980150582,donato guerra,M,paola
adopcion,mediana,99.94250513347022,5.727583846680356,san mateo atenco,M,paola
adopcion,maternal,65.47843942505133,4.810403832991102,toluca,M,paola
adopcion,mediana,48.49281314168378,5.188227241615332,toluca,M,paola
adopcion,mediana,78.62012320328542,4.407939767282683,tultitlan,M,paola
adopcion,mediana,2.168377823408624,7.449691991786447,atizapan de zaragosa,M,paola
adopcion,mediana,38.07802874743327,4.917180013689254,atlacomulco,M,paola
adopcion,mediana,62.48870636550308,4.407939767282683,toluca,M,paola
adopcion,mediana,50.69404517453799,4.407939767282683,capulhuac,M,paola
adopcion,mediana,83.1211498973306,4.484599589322382,ecatepec de morelos,M,paola
adopcion,mediana,71.75359342915812,4.484599589322382,toluca,M,paola
adopcion,mediana,38.8993839835729,4.446269678302532,naucalpan de juarez,M,paola
adopcion,mediana,61.86447638603696,4.717316906228611,toluca,M,paola
adopcion,mediana,35.25256673511294,4.706365503080082,tultitlan,M,paola
adopcion,mediana,15.44147843942505,4.687200547570157,texcoco,M,paola
adopcion,mediana,29.17453798767967,4.815879534565366,toluca,M,paola
adopcion,mediana,64.68993839835728,3.329226557152635,ixtapaluca,M,paola
adopcion,mediana,24.2135523613963,5.325119780971937,ixtapaluca,M,paola
adopcion,mediana,149.4866529774127,1.048596851471595,lerma,M,paola
adopcion,mediana,42.94045174537987,6.803559206023272,zumpango,H,paola
adopcion,mediana,56.31211498973306,5.69472963723477,toluca,H,paola
adopcion,mediana,52.46817248459959,5.404517453798768,ecatepec de morelos,H,paola
adopcion,mediana,44.84599589322382,5.711156741957564,toluca,M,paola
adopcion,mediana,51.48254620123203,4.361396303901437,toluca,H,paola
adopcion,mediana,29.50308008213553,4.810403832991102,almoloya de juarez,M,paola
adopcion,mediana,47.57289527720739,4.427104722792608,almoloya de juarez,H,paola
adopcion,mediana,57.9876796714579,3.008898015058179,toluca,H,paola
adopcion,mediana,9.232032854209447,5.314168377823409,toluca,M,paola
adopcion,mediana,149.4866529774127,1.048596851471595,ocuilan,M,paola
adopcion,mediana,9.166324435318275,5.790554414784395,toluca,M,paola
adopcion,mediana,7.326488706365502,5.155373032169747,toluca,M,paola
adopcion,mediana,82.89117043121149,3.329226557152635,amecameca,H,paola
adopcion,mediana,42.74332648870637,4.596851471594798,tultitlan,M,paola
adopcion,mediana,41.46201232032854,5.357973990417523,atizapan de zaragosa,H,paola
adopcion,mediana,60.38603696098562,2.65845311430527,toluca,M,paola
adopcion,mediana,49.18275154004107,3.222450376454483,tepoztlan chalma,M,paola
situacion juridica resuelta,mediana,42.15195071868583,3.364818617385353,tlanepantla de baz,M,paola
situacion juridica resuelta,mediana,57.3305954825462,2.811772758384668,toluca,M,paola
situacion juridica resuelta,maternal,4.59958932238193,3.887748117727584,ecatepec de morelos,M,paola
situacion juridica resuelta,mediana,5.158110882956879,4.210814510609172,toluca,M,paola
en juicio,mediana,48.85420944558521,2.099931553730322,toluca,M,paola
en juicio,mediana,11.07186858316222,3.775496235455168,ecatepec de morelos,M,paola
en juicio,mediana,63.54004106776181,1.68104038329911,cuautitlan izcalli,M,paola
sin resolver,mediana,71.32648870636551,1.990417522245038,tecamac,M,paola
sin resolver,mediana,80.19712525667352,0.6105407255304586,ecatepec de morelos,M,paola
sin resolver,mediana,83.58110882956879,0.4572210814510609,toluca,M,paola
sin resolver,mediana,46.98151950718686,0.4572210814510609,toluca,M,paola
sin resolver,mediana,73.92197125256673,0.2600958247775496,lerma,M,paola
sin resolver,mediana,90.25051334702258,0.2217659137577002,tenancingo,M,paola
sin resolver,mediana,78.652977412731,0.134154688569473,toluca,M,paola
sin resolver,mediana,73.10061601642711,0.1286789869952088,toluca,M,paola
situacion juridica resuelta,mediano,26.34907597535934,4.386036960985626,acambay,H,paola
situacion juridica resuelta,mediano,22.27515400410677,5.226557152635182,metepec,H,paola
situacion juridica resuelta,mediano,35.25256673511294,3.832991101984942,toluca,H,paola
situacion juridica resuelta,mediano,16.32854209445585,3.964407939767283,toluca,H,paola
situacion juridica resuelta,mediano,0.9199178644763859,4.635181382614648,toluca,H,paola
situacion juridica resuelta,mediano,38.30800821355236,2.203969883641342,nextlalpan,H,paola
situacion juridica resuelta,mediano,53.02669404517454,0.3230663928815879,toluca,H,paola
situacion juridica resuelta,mediano,53.02669404517454,0.3230663928815879,toluca,H,paola
en juicio,mediano,56.50924024640658,3.425051334702259,texcoco,H,paola
en juicio,mediano,35.41683778234086,3.425051334702259,texcoco,H,paola
en juicio,mediano,23.39219712525667,3.047227926078029,tlanepantla de baz,H,paola
sin resolver,mediano,68.69815195071868,1.990417522245038,tecamac,H,paola
sin resolver,mediano,62.12731006160164,1.02943189596167,toluca,H,francisco
sin resolver,mediano,51.64681724845995,0.6105407255304586,ecatepec de morelos,H,paola
sin resolver,mediano,88.34496919917865,0.487337440109514,toluca,H,ariana
sin resolver,mediano,73.7905544147844,0.4736481861738535,toluca,H,paola
sin resolver,mediano,56.80492813141684,0.4572210814510609,toluca,H,paola
sin resolver,mediano,62.06160164271047,0.3942505133470226,tenango,H,paola
sin resolver,mediano,59.43326488706366,0.08487337440109514,nextlalpan,H,paola
reintegracion,intermedios,107.9917864476386,5.804243668720055,toluca,H,david
reintegracion,intermedios,94.71868583162218,6.184804928131417,toluca,H,david
reintegracion,intermedios,104.0164271047228,5.938398357289528,san martin de las piramidez,H,david
reintegracion,intermedios,127.3100616016427,5.557837097878165,toluca,H,david
reintegracion,intermedios,138.0862422997947,5.396303901437371,lerma,H,david
reintegracion,intermedios,136.9363449691992,5.44558521560575,toluca,H,david
reintegracion,intermedios,103.5564681724846,5.152635181382615,ixtlahuaca,H,david
reintegracion,intermedios,103.9507186858316,4.887063655030801,xonacatlan,H,david
reintegracion,intermedios,106.8418891170431,4.919917864476386,toluca,H,david
reintegracion,intermedios,89.92197125256673,5.13347022587269,atizapan de zaragosa,H,david
reintegracion,intermedios,125.5030800821355,4.626967830253252,zinacantepec,H,david
reintegracion,intermedios,105.82340862423,4.687200547570157,almoloya de juarez,H,david
reintegracion,intermedios,116.9281314168378,3.657768651608488,huixquilucan,H,david
reintegracion,intermedios,111.7371663244353,4.002737850787132,nezahualcoyotl,H,david
reintegracion,intermedios,97.28131416837782,3.268993839835729,chiautla,H,david
reintegracion,intermedios,123.8603696098563,2.910335386721424,nextlalpan,H,david
reintegracion,intermedios,96.72279260780286,2.945927446954141,apaxco,H,david
reintegracion,intermedios,125.8316221765914,2.387405886379192,xonacatlan,H,david
reintegracion,intermedios,144.0,2.083504449007529,tecamac,H,david
reintegracion,intermedios,144.0,2.083504449007529,tecamac,H,david
reintegracion,intermedios,95.21149897330595,3.540041067761807,toluca,H,david
reintegracion,intermedios,122.3162217659138,1.823408624229979,toluca,H,david
reintegracion,intermedios,5.388090349075975,2.127310061601643,toluca,H,david
reintegracion,intermedios,80.55852156057495,4.583162217659138,tecamac,H,david
canalizado colocar lugar,intermedios,103.0308008213552,8.062970568104038,donato guerra,H,david
canalizado colocar lugar,intermedios,95.73716632443532,6.781656399726215,jaltenco,H,david
canalizado colocar lugar,intermedios,80.19712525667352,6.781656399726215,tlanepantla de baz,H,david
canalizado colocar lugar,intermedios,106.1519507186858,6.64476386036961,coacalco de berriozabal,H,david
canalizado colocar lugar,intermedios,111.4086242299795,4.563997262149213,toluca,H,david
canalizado colocar lugar,intermedios,108.911704312115,5.574264202600959,ocoyoacac,H,david
canalizado colocar lugar,intermedios,116.2710472279261,5.204654346338125,metepec,H,david
canalizado colocar lugar,intermedios,84.86242299794661,7.767282683093772,zinacantepec,H,david
canalizado colocar lugar,intermedios,50.39835728952772,6.781656399726215,jaltenco,H,david
situacion juridica resuelta,intermedios,89.29774127310061,3.832991101984942,tenancingo,H,david
situacion juridica resuelta,intermedios,80.91991786447639,4.82135523613963,toluca,H,david
situacion juridica resuelta,intermedios,69.09240246406571,5.730321697467488,tlanepantla de baz,H,david
situacion juridica resuelta,intermedios,54.73511293634498,5.716632443531828,tenancingo,H,david
situacion juridica resuelta,intermedios,53.58521560574948,4.706365503080082,tlanepantla de baz,H,david
situacion juridica resuelta,intermedios,85.22381930184805,3.337440109514032,atizapan de zaragosa,H,david
situacion juridica resuelta,intermedios,53.42094455852155,4.386036960985626,atlacomulco,H,david
situacion juridica resuelta,intermedios,55.45790554414785,5.683778234086242,chimalhuacan,H,david
situacion juridica resuelta,intermedios,38.27515400410678,5.034907597535934,los reyes la paz,H,david
en juicio,intermedios,89.42915811088295,4.005475701574264,los reyes la paz,H,david
sin resolver,intermedios,101.6837782340862,3.337440109514032,nicolas romero,H,david
sin resolver,intermedios,115.6139630390144,1.352498288843258,toluca,H,david
sin resolver,intermedios,120.0164271047228,1.051334702258727,toluca,H,david
sin resolver,intermedios,129.6427104722792,0.999315537303217,capuluhac,H,david
sin resolver,intermedios,110.8172484599589,0.999315537303217,capuluhac,H,david
sin resolver,intermedios,115.482546201232,0.6707734428473648,ixtapaluca,H,david
sin resolver,intermedios,118.4722792607803,0.2217659137577002,tenancingo,H,david
reintegracion,intermedias,103.6550308008214,5.708418891170431,ecatepec de morelos,M,david
reintegracion,intermedias,103.2936344969199,5.125256673511293,almoloya de juarez,M,david
reintegracion,intermedias,109.3716632443532,5.013004791238878,toluca,M,david
reintegracion,intermedias,106.9075975359343,5.44558521560575,toluca,M,david
reintegracion,intermedias,131.5154004106776,4.955509924709103,toluca,M,david
reintegracion,intermedias,106.9404517453799,5.117043121149897,lerma,M,david
reintegracion,intermedias,114.0369609856263,4.616016427104722,zinacantepec,M,david
reintegracion,intermedias,110.9486652977413,4.265571526351814,toluca,M,david
reintegracion,intermedias,130.7597535934292,5.363449691991787,toluca,M,david
reintegracion,intermedias,102.4394250513347,5.363449691991787,toluca,M,david
reintegracion,intermedias,127.9671457905544,3.920602327173169,toluca,M,david
reintegracion,intermedias,104.6078028747433,3.657768651608488,huixquilucan,M,david
reintegracion,intermedias,123.2689938398357,3.600273785078713,tenancingo,M,david
reintegracion,intermedias,125.9958932238193,3.813826146475017,toluca,M,david
reintegracion,intermedias,101.9794661190965,4.271047227926078,tenancingo,M,david
reintegracion,intermedias,109.0431211498973,3.635865845311431,tlanepantla de baz,M,david
reintegracion,intermedias,100.9938398357289,5.574264202600959,naucalpan de juarez,M,david
reintegracion,intermedias,90.18480492813141,3.701574264202601,toluca,M,david
reintegracion,intermedias,108.3860369609856,2.127310061601643,toluca,M,david
reintegracion,intermedias,115.9425051334702,1.984941820670773,toluca,M,david
reintegracion,intermedias,84.96098562628336,2.951403148528405,tequixquiac,M,david
reintegracion,intermedias,93.96303901437372,2.855578370978782,toluca,M,david
reintegracion,intermedias,118.2094455852156,1.713894592744695,atenco,M,david
reintegracion,intermedias,126.9815195071868,0.7775496235455168,toluca,M,david
canalizado colocar lugar,intermedias,136.1478439425051,5.35523613963039,amecameca,M,david
canalizado colocar lugar,intermedias,113.0513347022587,5.319644079397673,cuautitlan izcalli,M,david
canalizado colocar lugar,intermedias,143.9014373716632,4.739219712525667,toluca,M,david
canalizado colocar lugar,intermedias,135.2607802874743,5.130732375085558,amecameca,M,david
canalizado colocar lugar,intermedias,101.0595482546201,4.826830937713894,toluca,M,david
canalizado colocar lugar,intermedias,137.9548254620123,4.687200547570157,toluca,M,david
canalizado colocar lugar,intermedias,99.05544147843942,6.113620807665982,naucalpan de juarez,M,david
canalizado colocar lugar,intermedias,122.4476386036961,3.794661190965092,toluca,M,david
canalizado colocar lugar,intermedias,130.4312114989733,3.794661190965092,toluca,M,david
canalizado colocar lugar,intermedias,126.5215605749487,3.794661190965092,toluca,M,david
canalizado colocar lugar,intermedias,119.4907597535934,3.794661190965092,toluca,M,david
canalizado colocar lugar,intermedias,140.8131416837782,3.271731690622861,toluca,M,david
canalizado colocar lugar,intermedias,124.2217659137577,4.692676249144422,cuautitlan izcalli,M,david
canalizado colocar lugar,intermedias,89.46201232032854,6.088980150581794,cuautitlan izcalli,M,david
canalizado colocar lugar,intermedias,87.45790554414785,6.088980150581794,cuautitlan izcalli,M,david
canalizado colocar lugar,intermedias,87.72073921971253,4.635181382614648,zinacantepec,M,david
canalizado colocar lugar,intermedias,95.24435318275154,4.878850102669404,zumpango,M,david
canalizado colocar lugar,intermedias,102.17659137577,2.737850787132101,los reyes la paz,M,david
canalizado colocar lugar,intermedias,80.82135523613964,5.207392197125257,toluca,M,david
canalizado colocar lugar,intermedias,79.96714579055441,4.41615331964408,toluca,M,david
canalizado colocar lugar,intermedias,79.96714579055441,4.41615331964408,toluca,M,david
situacion juridica resuelta,intermedias,118.8008213552361,2.198494182067077,ecatepec de morelos,M,david
situacion juridica resuelta,intermedias,85.97946611909651,1.911019849418207,toluca,M,david
situacion juridica resuelta,intermedias,80.82135523613964,2.45037645448323,ecatepec de morelos,M,david
en juicio,intermedias,50.46406570841889,7.753593429158111,ecatepec de morelos,M,david
en juicio,intermedias,68.76386036960986,2.759753593429158,toluca,M,david
en juicio,intermedias,122.5462012320328,2.357289527720739,zumpango,M,david
en juicio,mediana,81.67556468172485,1.352498288843258,toluca,M,paola
sin resolver,intermedias,52.50102669404517,5.023956194387406,toluca,M,david
sin resolver,intermedias,118.735112936345,1.152635181382615,toluca,M,david
sin resolver,intermedias,118.0780287474333,0.9911019849418207,tultitlan,M,david
sin resolver,intermedias,126.2915811088296,0.9911019849418207,tultitlan,M,david
sin resolver,intermedias,133.9137577002053,0.9911019849418207,tultitlan,M,david
sin resolver,intermedias,132.435318275154,0.9281314168377823,teoloyucan,M,david
sin resolver,intermedias,127.3100616016427,0.7939767282683093,toluca,M,david
sin resolver,intermedias,138.8090349075975,0.4736481861738535,toluca,M,david
sin resolver,intermedias,91.30184804928132,0.9911019849418207,tultitlan,M,david
reintegracion,ninas grandes,153.6262833675565,4.191649555099247,chalco solidaridad,M,ariana
canalizado colocar lugar,ninas grandes,202.1848049281314,5.47296372347707,tlanepantla de baz,M,ariana
canalizado colocar lugar,ninas grandes,84.0082135523614,5.47296372347707,toluca,M,ariana
canalizado colocar lugar,ninas grandes,216.0164271047228,5.47296372347707,toluca,M,ariana
canalizado colocar lugar,ninas grandes,212.3367556468173,5.13347022587269,atizapan de zaragosa,M,ariana
canalizado colocar lugar,ninas grandes,194.9240246406571,3.082819986310746,toluca,M,ariana
canalizado colocar lugar,ninas grandes,211.64681724846,0.9911019849418207,texcoco,M,ariana
egresos no autorizados,ninas grandes,184.5420944558522,5.316906228610541,toluca,M,ariana
egresos no autorizados,ninas grandes,170.4476386036961,5.286789869952088,toluca,M,ariana
egresos no autorizados,ninas grandes,195.5811088295688,4.982888432580425,toluca,M,ariana
egresos no autorizados,ninas grandes,196.1724845995893,4.97741273100616,toluca,M,ariana
egresos no autorizados,ninas grandes,210.8911704312115,4.955509924709103,toluca,M,ariana
egresos no autorizados,ninas grandes,206.5544147843943,4.153319644079398,toluca,H,ariana
egresos no autorizados,ninas grandes,208.8542094455852,4.030116358658453,toluca,M,ariana
egresos no autorizados,ninas grandes,139.6632443531828,3.964407939767283,toluca,M,ariana
egresos no autorizados,ninas grandes,153.7905544147844,3.331964407939767,huixquilucan,M,ariana
egresos no autorizados,ninas grandes,156.8788501026694,3.783709787816564,toluca,M,ariana
egresos no autorizados,ninas grandes,139.6632443531828,3.964407939767283,toluca,M,ariana
egresos no autorizados,ninas grandes,141.3388090349076,4.369609856262834,toluca,M,ariana
egresos no autorizados,ninas grandes,206.5215605749487,1.820670773442847,cuautitlan izcalli,M,ariana
egresos no autorizados,ninas grandes,204.0246406570842,1.831622176591376,toluca,M,ariana
egresos no autorizados,ninas grandes,140.6817248459959,7.011635865845311,tlanepantla de baz,M,ariana
egresos no autorizados,ninas grandes,188.5831622176592,2.376454483230664,toluca,M,ariana
egresos no autorizados,ninas grandes,174.8501026694045,1.713894592744695,cuautitlan izcalli,M,ariana
egresos no autorizados,ninas grandes,178.3326488706365,1.713894592744695,cuautitlan izcalli,M,ariana
egresos no autorizados,ninas grandes,204.1560574948665,1.711156741957563,cuautitlan izcalli,M,ariana
egresos no autorizados,ninas grandes,165.6509240246407,1.68104038329911,cuautitlan izcalli,M,ariana
egresos no autorizados,ninas grandes,180.1067761806981,1.68104038329911,cuautitlan izcalli,M,ariana
egresos no autorizados,ninas grandes,188.0574948665298,3.066392881587953,toluca,M,ariana
egresos no autorizados,ninas grandes,122.0533880903491,4.648870636550308,tlanepantla de baz,M,ariana
egresos no autorizados,ninas grandes,155.9917864476386,11.84394250513347,toluca,M,ariana
egresos no autorizados,ninas grandes,161.5441478439425,4.167008898015058,tlanepantla de baz,M,ariana
egresos no autorizados,ninas grandes,167.8193018480493,3.832991101984942,toluca,M,ariana
egresos no autorizados,ninas grandes,131.5482546201232,3.619438740588638,toluca,M,ariana
egresos no autorizados,ninas grandes,175.4086242299795,3.832991101984942,toluca,M,ariana
egresos no autorizados,ninas grandes,199.7864476386037,1.267624914442163,toluca,M,ariana
egresos no autorizados,ninas grandes,197.9794661190965,3.849418206707734,toluca,M,ariana
egresos no autorizados,ninas grandes,155.9917864476386,3.849418206707734,toluca,M,ariana
egresos no autorizados,ninas grandes,204.0246406570842,6.16290212183436,toluca,M,ariana
egresos no autorizados,ninas grandes,142.2258726899384,6.16290212183436,toluca,M,ariana
egresos no autorizados,ninas grandes,72.0164271047228,6.16290212183436,toluca,M,ariana
egresos no autorizados,ninas grandes,180.0082135523614,1.71937029431896,toluca,M,ariana
egresos no autorizados,ninas grandes,168.0164271047228,1.908281998631075,toluca,M,ariana
egresos no autorizados,ninas grandes,152.6078028747433,4.41615331964408,toluca,H,ariana
egresos no autorizados,ninas grandes,121.9548254620123,4.421629021218344,toluca,M,ariana
egresos no autorizados,ninas grandes,133.9137577002053,4.783025325119781,toluca,M,ariana
egresos no autorizados,ninas grandes,153.7905544147844,3.331964407939767,toluca,M,ariana
egresos no autorizados,ninas grandes,138.0533880903491,5.319644079397673,toluca,M,ariana
egresos no autorizados,ninas grandes,102.4722792607803,5.730321697467488,toluca,M,ariana
egresos no autorizados,ninas grandes,130.7268993839836,4.399726214921286,toluca,M,ariana
egresos no autorizados,ninas grandes,135.7207392197125,4.090349075975359,toluca,M,ariana
egresos no autorizados,ninas grandes,127.6714579055441,3.247091033538672,toluca,M,ariana
egresos no autorizados,ninas grandes,115.2854209445585,4.167008898015058,tlanepantla de baz,M,ariana
egresos no autorizados,ninas grandes,106.9404517453799,5.117043121149897,toluca,M,ariana
egresos no autorizados,ninas grandes,184.4435318275154,0.9911019849418207,toluca,M,ariana
egresos no autorizados,ninas grandes,207.3757700205339,0.9911019849418207,toluca,M,ariana
egresos no autorizados,ninas grandes,134.570841889117,1.68104038329911,toluca,M,ariana
egresos no autorizados,ninas grandes,172.8788501026694,0.9911019849418207,toluca,M,ariana
egresos no autorizados,ninas grandes,143.3100616016427,3.698836413415469,toluca,M,ariana
egresos no autorizados,ninas grandes,108.7802874743327,3.698836413415469,toluca,M,ariana
egresos no autorizados,ninas grandes,135.7207392197125,4.090349075975359,toluca,M,ariana
egresos no autorizados,ninas grandes,167.9835728952772,3.808350444900753,toluca,M,ariana
egresos no autorizados,ninas grandes,168.0164271047228,1.590691307323751,toluca,M,ariana
egresos no autorizados,ninas grandes,201.4620123203285,0.9911019849418207,toluca,M,ariana
egresos no autorizados,ninas grandes,154.9733059548255,0.9911019849418207,toluca,M,ariana
egresos no autorizados,ninas grandes,144.2956878850103,1.500342231348392,toluca,M,ariana
egresos no autorizados,ninas grandes,122.0533880903491,2.255989048596851,toluca,M,ariana
egresos no autorizados,ninas grandes,143.605749486653,1.919233401779603,toluca,M,ariana
reintegracion,ninas grandes,121.6919917864476,6.754277891854894,jilotepec,M,ariana
reintegracion,ninas grandes,116.5667351129364,7.906913073237509,chalco solidaridad,M,ariana
reintegracion,ninas grandes,141.1416837782341,6.392881587953457,toluca,M,ariana
reintegracion,ninas grandes,158.3244353182752,6.872005475701574,toluca,M,ariana
reintegracion,ninas grandes,148.435318275154,5.262149212867898,toluca,M,ariana
reintegracion,ninas grandes,145.0513347022587,5.149897330595483,toluca,M,ariana
reintegracion,ninas grandes,170.8418891170431,5.075975359342916,toluca,M,ariana
reintegracion,ninas grandes,149.0924024640657,6.067077344284736,toluca,M,ariana
reintegracion,ninas grandes,184.8049281314168,4.865160848733744,toluca,M,ariana
reintegracion,ninas grandes,191.0800821355236,4.635181382614648,toluca,M,ariana
reintegracion,ninas grandes,193.5112936344969,4.635181382614648,toluca,M,ariana
reintegracion,ninas grandes,211.1211498973306,4.632443531827516,toluca,M,ariana
reintegracion,ninas grandes,139.1047227926078,4.632443531827516,toluca,M,ariana
reintegracion,ninas grandes,180.0082135523614,4.511978097193703,toluca,M,ariana
reintegracion,ninas grandes,162.299794661191,4.495550992470911,toluca,M,ariana
reintegracion,ninas grandes,213.1581108829569,4.495550992470911,toluca,M,ariana
reintegracion,ninas grandes,212.2710472279261,4.405201916495551,toluca,M,ariana
reintegracion,ninas grandes,180.0082135523614,4.202600958247776,toluca,M,ariana
reintegracion,ninas grandes,186.1190965092403,4.191649555099247,toluca,M,ariana
reintegracion,ninas grandes,199.3593429158111,4.180698151950718,toluca,M,ariana
reintegracion,ninas grandes,203.9917864476386,4.120465434633813,toluca,M,ariana
reintegracion,ninas grandes,211.6139630390144,3.942505133470226,atlacomulco,M,ariana
reintegracion,ninas grandes,183.3264887063655,4.082135523613963,toluca,M,ariana
reintegracion,ninas grandes,215.3264887063655,4.188911704312115,metepec,M,ariana
reintegracion,ninas grandes,178.9568788501027,4.167008898015058,tlanepantla de baz,M,ariana
reintegracion,ninas grandes,138.0533880903491,5.319644079397673,tejupilco,M,ariana
reintegracion,ninas grandes,166.0780287474333,4.563997262149213,toluca,M,ariana
reintegracion,ninas grandes,169.1006160164271,4.287474332648871,toluca,M,ariana
reintegracion,ninas grandes,137.5934291581109,7.698836413415469,toluca,M,ariana
reintegracion,ninas grandes,153.5934291581109,6.351813826146475,toluca,M,ariana
reintegracion,ninas grandes,212.435318275154,3.794661190965092,toluca,M,ariana
reintegracion,ninas grandes,167.9835728952772,3.79192334017796,toluca,M,ariana
reintegracion,ninas grandes,208.9199178644764,3.789185489390828,toluca,M,ariana
reintegracion,ninas grandes,192.0,3.868583162217659,toluca,M,ariana
reintegracion,ninas grandes,167.9835728952772,3.786447638603696,toluca,M,ariana
reintegracion,ninas grandes,202.611909650924,3.783709787816564,toluca,M,ariana
reintegracion,ninas grandes,133.6837782340862,5.943874058863792,texcoco,M,ariana
reintegracion,ninas grandes,178.2340862422998,3.805612594113621,toluca,M,ariana
reintegracion,ninas grandes,176.394250513347,4.583162217659138,toluca,M,ariana
reintegracion,ninas grandes,139.6632443531828,3.964407939767283,toluca,M,ariana
reintegracion,ninas grandes,154.217659137577,4.16974674880219,toluca,M,ariana
reintegracion,ninas grandes,161.2813141683778,3.605749486652977,toluca,M,ariana
reintegracion,ninas grandes,156.9774127310062,4.369609856262834,toluca,M,ariana
reintegracion,ninas grandes,148.4024640657084,4.717316906228611,toluca,M,ariana
reintegracion,ninas grandes,165.1252566735113,4.041067761806982,toluca,M,ariana
reintegracion,ninas grandes,196.5667351129363,2.587268993839836,toluca,M,ariana
reintegracion,ninas grandes,174.0287474332649,4.484599589322382,toluca,M,ariana
reintegracion,ninas grandes,155.9917864476386,7.069130732375085,toluca,M,ariana
reintegracion,ninas grandes,171.0390143737166,4.405201916495551,toluca,M,ariana
reintegracion,ninas grandes,147.9753593429158,5.207392197125257,toluca,M,ariana
reintegracion,ninas grandes,162.1683778234086,5.152635181382615,toluca,M,ariana
reintegracion,ninas grandes,168.0164271047228,5.108829568788501,toluca,M,ariana
reintegracion,ninas grandes,168.2135523613963,5.032169746748802,toluca,M,ariana
reintegracion,ninas grandes,197.5852156057495,5.02943189596167,toluca,M,ariana
reintegracion,ninas grandes,180.6652977412731,5.013004791238878,toluca,M,ariana
reintegracion,ninas grandes,157.3388090349076,5.002053388090349,toluca,M,ariana
reintegracion,ninas grandes,157.3388090349076,5.002053388090349,toluca,M,ariana
reintegracion,ninas grandes,206.5215605749487,4.955509924709103,toluca,M,ariana
reintegracion,ninas grandes,180.5010266940452,4.955509924709103,toluca,M,ariana
reintegracion,ninas grandes,179.3182751540041,4.906228610540725,ciudad de mexico,M,ariana
reintegracion,ninas grandes,191.3757700205339,4.878850102669404,toluca,M,ariana
reintegracion,ninas grandes,210.2669404517454,4.878850102669404,toluca,M,ariana
reintegracion,ninas grandes,205.7330595482546,4.818617385352498,toluca,M,ariana
reintegracion,ninas grandes,200.6735112936345,4.796714579055442,toluca,M,ariana
reintegracion,ninas grandes,188.8788501026694,3.824777549623545,toluca,M,ariana
reintegracion,ninas grandes,180.2381930184805,4.714579055441479,toluca,M,ariana
reintegracion,ninas grandes,192.7227926078029,4.616016427104722,toluca,M,ariana
reintegracion,ninas grandes,174.4558521560575,4.462696783025325,toluca,M,ariana
reintegracion,ninas grandes,167.9835728952772,3.715263518138261,toluca,M,ariana
reintegracion,ninas grandes,186.6447638603696,4.021902806297057,toluca,M,ariana
reintegracion,ninas grandes,174.0616016427105,3.909650924024641,toluca,M,ariana
reintegracion,ninas grandes,200.3121149897331,4.251882272416153,toluca,M,ariana
reintegracion,ninas grandes,198.570841889117,3.813826146475017,toluca,M,ariana
reintegracion,ninas grandes,151.4250513347023,3.906913073237508,toluca,M,ariana
reintegracion,ninas grandes,176.1314168377823,3.578370978781656,toluca,M,ariana
reintegracion,ninas grandes,163.64681724846,3.403148528405202,toluca,M,ariana
reintegracion,ninas grandes,161.5441478439425,4.019164955509924,toluca,M,ariana
reintegracion,ninas grandes,161.5441478439425,4.019164955509924,toluca,M,ariana
reintegracion,ninas grandes,153.5934291581109,3.958932238193019,naucalpan de juarez,M,ariana
reintegracion,ninas grandes,176.1314168377823,3.340177960301164,toluca,M,ariana
reintegracion,ninas grandes,179.8110882956879,3.72621492128679,toluca,M,ariana
reintegracion,ninas grandes,154.2505133470226,2.409308692676249,toluca,M,ariana
reintegracion,ninas grandes,197.2566735112937,2.409308692676249,toluca,M,ariana
reintegracion,ninas grandes,176.394250513347,4.583162217659138,toluca,M,ariana
reintegracion,ninas grandes,157.0102669404517,2.140999315537303,toluca,M,ariana
reintegracion,ninas grandes,151.523613963039,2.255989048596851,toluca,M,ariana
reintegracion,ninas grandes,191.9014373716632,2.004106776180698,toluca,M,ariana
reintegracion,ninas grandes,144.4599589322382,2.004106776180698,toluca,M,ariana
reintegracion,ninas grandes,152.4106776180698,1.823408624229979,toluca,M,ariana
reintegracion,ninas grandes,159.0472279260781,2.302532511978097,toluca,M,ariana
reintegracion,ninas grandes,215.2607802874743,1.448323066392882,toluca,M,ariana
reintegracion,ninas grandes,215.5893223819302,1.190965092402464,toluca,M,ariana
reintegracion,ninas grandes,199.7864476386037,1.267624914442163,toluca,M,ariana
reintegracion,ninas grandes,197.1581108829569,1.316906228610541,toluca,M,ariana
reintegracion,ninas grandes,187.9260780287474,0.9911019849418207,toluca,M,ariana
reintegracion,ninas grandes,169.9548254620123,0.9911019849418207,toluca,M,ariana
reintegracion,ninas grandes,211.7453798767967,0.6379192334017796,toluca,M,ariana
reintegracion,ninas grandes,156.911704312115,0.6844626967830253,atlacomulco,M,ariana
reintegracion,ninas grandes,187.1047227926078,0.6625598904859685,toluca,M,ariana
reintegracion,ninas grandes,155.6632443531827,0.6379192334017796,toluca,M,ariana
reintegracion,ninas grandes,167.9178644763861,0.2026009582477755,toluca,M,ariana
reintegracion,ninas grandes,223.5400410677618,0.1642710472279261,toluca,M,ariana
situacion juridica resuelta,ninas grandes,90.74332648870637,5.344284736481861,ecatepec de morelos,M,ariana
situacion juridica resuelta,ninas grandes,138.3162217659138,3.909650924024641,ixtapaluca,M,ariana
situacion juridica resuelta,ninas grandes,186.2833675564682,0.3394934976043806,toluca,M,ariana
situacion juridica resuelta,ninas grandes,153.4620123203285,2.357289527720739,toluca,M,ariana
en juicio,ninas grandes,151.2607802874743,2.392881587953457,toluca,M,ariana
en juicio,ninas grandes,174.258726899384,0.9117043121149897,toluca,M,ariana
en juicio,ninas grandes,122.5462012320328,2.357289527720739,zumpango,M,ariana
sin resolver,ninas grandes,157.864476386037,1.842573579739904,michoacan,M,ariana
sin resolver,ninas grandes,137.0020533880903,1.092402464065708,morelos,M,ariana
sin resolver,ninas grandes,167.7864476386037,1.051334702258727,texcoco,M,ariana
sin resolver,ninas grandes,194.694045174538,1.051334702258727,texcoco,M,ariana
sin resolver,ninas grandes,177.5441478439425,0.9911019849418207,texcoco,M,ariana
sin resolver,ninas grandes,144.9856262833676,0.9911019849418207,texcoco,M,ariana
sin resolver,ninas grandes,155.5318275154004,0.9911019849418207,texcoco,M,ariana
sin resolver,ninas grandes,136.7720739219712,1.713894592744695,cuautitlan izcalli,M,ariana
sin resolver,ninas grandes,186.611909650924,0.459958932238193,toluca,M,ariana
sin resolver,ninas grandes,139.4004106776181,0.9911019849418207,texcoco,M,ariana
sin resolver,ninas grandes,192.6242299794661,0.7008898015058179,toluca,M,ariana
sin resolver,ninas grandes,186.5133470225873,0.188911704312115,toluca,M,ariana
sin resolver,ninas grandes,138.8090349075975,0.4736481861738535,toluca,M,ariana
egresos no autorizados,ninos grandes,168.2792607802875,5.338809034907597,toluca,H,francisco
egresos no autorizados,ninos grandes,251.9917864476386,4.70362765229295,toluca,H,francisco
egresos no autorizados,ninos grandes,157.6673511293635,3.964407939767283,tenango,H,francisco
egresos no autorizados,ninos grandes,195.0225872689938,0.6406570841889117,metepec,H,francisco
en juicio,ninos grandes,115.64681724846,9.596167008898014,cuautitlan izcalli,H,francisco
reintegracion,ninos grandes,139.8932238193019,6.872005475701574,ixtlahuaca,H,francisco
reintegracion,ninos grandes,170.3819301848049,4.955509924709103,toluca,H,francisco
reintegracion,ninos grandes,195.2197125256673,4.922655715263518,ecatepec de morelos,H,francisco
reintegracion,ninos grandes,183.7535934291581,4.254620123203286,almoloya de juarez,H,francisco
reintegracion,ninos grandes,141.7659137577002,4.20807665982204,capulhuac,H,francisco
reintegracion,ninos grandes,187.5975359342916,3.863107460643395,villa victoria,H,francisco
reintegracion,ninos grandes,167.7535934291581,3.991786447638604,naucalpan de juarez,H,francisco
reintegracion,ninos grandes,148.2381930184805,3.906913073237508,naucalpan de juarez,H,francisco
reintegracion,ninos grandes,146.6283367556468,3.997262149212868,huixquilucan,H,francisco
reintegracion,ninos grandes,128.2299794661191,3.906913073237508,naucalpan de juarez,H,francisco
reintegracion,ninos grandes,118.1108829568788,4.583162217659138,tecamac,H,francisco
reintegracion,ninos grandes,139.4989733059548,5.325119780971937,toluca,H,francisco
reintegracion,ninos grandes,148.5995893223819,1.968514715947981,metepec,H,francisco
reintegracion,ninos grandes,156.5503080082136,1.842573579739904,huixquilucan,H,francisco
reintegracion,ninos grandes,192.0657084188912,1.722108145106092,tecamac,H,francisco
reintegracion,ninos grandes,154.1190965092403,1.765913757700205,zinacantepec,H,francisco
reintegracion,ninos grandes,112.394250513347,4.167008898015058,cuautitlan izcalli,H,francisco
reintegracion,ninos grandes,146.4312114989733,1.152635181382615,toluca,H,francisco
reintegracion,ninos grandes,109.6016427104723,4.098562628336755,zinacantepec,H,francisco
reintegracion,ninos grandes,121.1006160164271,4.386036960985626,acambay,H,francisco
reintegracion,ninos grandes,209.3141683778234,0.6899383983572895,aculco,H,francisco
reintegracion,ninos grandes,204.8131416837782,0.6433949349760438,valle de bravo,H,francisco
canalizado colocar lugar,ninos grandes,158.9815195071869,4.632443531827516,toluca,H,francisco
canalizado colocar lugar,ninos grandes,151.3593429158111,1.823408624229979,zinacantepec,H,francisco
canalizado colocar lugar,ninos grandes,170.0533880903491,4.20807665982204,nezahualcoyotl,H,francisco
canalizado colocar lugar,ninos grandes,138.2505133470226,6.880219028062971,zumpango,H,francisco
canalizado colocar lugar,ninos grandes,184.3449691991786,5.06776180698152,toluca,H,francisco
canalizado colocar lugar,ninos grandes,151.9507186858316,5.01574264202601,tultitlan,H,francisco
canalizado colocar lugar,ninos grandes,194.7597535934292,4.900752908966461,toluca,H,francisco
canalizado colocar lugar,ninos grandes,131.4168377823408,5.535934291581109,chimalhuacan,H,francisco
canalizado colocar lugar,ninos grandes,158.9158110882957,4.840520191649555,toluca,H,francisco
canalizado colocar lugar,ninos grandes,127.1786447638604,5.040383299110198,ecatepec de morelos,H,francisco
canalizado colocar lugar,ninos grandes,108.1232032854209,7.718001368925393,zinacantepec,H,francisco
canalizado colocar lugar,ninos grandes,115.6796714579056,6.861054072553046,tejupilco,H,francisco
canalizado colocar lugar,ninos grandes,154.776180698152,5.111567419575633,toluca,H,francisco
canalizado colocar lugar,ninos grandes,151.8850102669405,4.689938398357289,ocoyoacac,H,francisco
canalizado colocar lugar,ninos grandes,173.7330595482546,3.967145790554415,ciudad de mexico,H,francisco
canalizado colocar lugar,ninos grandes,102.17659137577,6.365503080082136,toluca,H,francisco
canalizado colocar lugar,ninos grandes,108.911704312115,5.574264202600959,ocoyoacac,H,francisco
canalizado colocar lugar,ninos grandes,144.9199178644764,3.72621492128679,apaxco,H,francisco
canalizado colocar lugar,ninos grandes,154.8090349075975,4.035592060232717,huixquilucan,H,francisco
canalizado colocar lugar,ninos grandes,144.6899383983573,4.446269678302532,toluca,H,francisco
canalizado colocar lugar,ninos grandes,173.6016427104723,2.176591375770021,naucalpan de juarez,H,francisco
canalizado colocar lugar,ninos grandes,135.9507186858316,4.544832306639288,tlanepantla de baz,H,francisco
canalizado colocar lugar,ninos grandes,157.2402464065708,0.9911019849418207,chicoloapan,H,francisco
canalizado colocar lugar,ninos grandes,160.7227926078029,0.9911019849418207,chicoloapan,H,francisco
canalizado colocar lugar,ninos grandes,143.0800821355236,0.9911019849418207,chicoloapan,H,francisco
situacion juridica resuelta,ninos grandes,143.9014373716632,5.144421629021219,valle de bravo,H,francisco
situacion juridica resuelta,ninos grandes,135.4907597535934,4.717316906228611,villa victoria,H,francisco
situacion juridica resuelta,ninos grandes,121.3634496919918,4.829568788501026,lerma,H,francisco
situacion juridica resuelta,ninos grandes,103.0636550308008,6.299794661190965,chalco solidaridad,H,francisco
situacion juridica resuelta,ninos grandes,128.9527720739219,3.156741957563313,villa victoria,H,francisco
situacion juridica resuelta,ninos grandes,104.8377823408624,4.82135523613963,toluca,H,francisco
situacion juridica resuelta,ninos grandes,111.2772073921971,5.481177275838466,toluca,H,francisco
situacion juridica resuelta,ninos grandes,127.1129363449692,2.551676933607118,acambay,H,francisco
situacion juridica resuelta,ninos grandes,105.1663244353183,3.832991101984942,tenancingo,H,francisco
situacion juridica resuelta,ninos grandes,197.618069815195,0.5941136208076659,san mateo atenco,H,francisco
situacion juridica resuelta,ninos grandes,105.6591375770021,3.72621492128679,apaxco,H,francisco
situacion juridica resuelta,ninos grandes,89.36344969199178,4.829568788501026,ecatepec de morelos,H,francisco
sin resolver,ninos grandes,144.9856262833676,1.051334702258727,chicoloapan,H,francisco
sin resolver,ninos grandes,153.5605749486653,1.02943189596167,malinalco,H,francisco
sin resolver,ninos grandes,145.905544147844,0.9911019849418207,chicoloapan,H,francisco
sin resolver,ninos grandes,162.8911704312115,0.4024640657084189,toluca,H,francisco
sin resolver,ninos grandes,145.0513347022587,0.3066392881587953,toluca,H,francisco
en juicio,casvh,55.26078028747433,18.01505817932923,chimalhuacan,M,ara
en juicio,casvh,148.6981519507187,10.11909650924025,toluca,H,ara
en juicio,casvh,173.6016427104723,8.785763175906913,ecatepec de morelos,M,ara
en juicio,casvh,206.1273100616017,5.166324435318275,toluca,M,ara
en juicio,casvh,135.4907597535934,7.704312114989733,toluca,H,ara
en juicio,casvh,208.0328542094456,5.308692676249144,ecatepec de morelos,M,ara
en juicio,casvh,146.8583162217659,9.998631074606434,toluca,H,ara
en juicio,casvh,213.2238193018481,4.887063655030801,tlanepantla de baz,M,ara
en juicio,casvh,166.2422997946612,8.427104722792608,toluca,H,ara
en juicio,casvh,213.1581108829569,4.495550992470911,toluca,H,ara
en juicio,casvh,188.6817248459959,6.661190965092403,toluca,H,ara
en juicio,casvh,212.2710472279261,4.405201916495551,toluca,H,ara
en juicio,casvh,251.9917864476386,5.06776180698152,toluca,H,ara
en juicio,casvh,212.4024640657084,4.48186173853525,toluca,M,ara
en juicio,casvh,215.3264887063655,4.188911704312115,metepec,M,ara
en juicio,casvh,196.1396303901437,5.94113620807666,toluca,H,ara
en juicio,casvh,215.9178644763861,3.901437371663244,valle de bravo,M,ara
en juicio,casvh,206.258726899384,4.594113620807666,zinacantepec,H,ara
en juicio,casvh,190.6201232032854,8.91170431211499,zumpango,H,ara
en juicio,casvh,209.6098562628337,4.109514031485284,atlacomulco,H,ara
en juicio,casvh,182.8665297741273,6.485968514715948,tlanepantla de baz,M,ara
en juicio,casvh,203.3347022587269,5.47296372347707,toluca,M,ara
en juicio,casvh,128.5585215605749,11.71800136892539,chimalhuacan,H,ara
en juicio,casvh,214.0451745379877,3.748117727583847,toluca,M,ara
en juicio,casvh,210.7268993839836,4.287474332648871,toluca,M,ara
en juicio,casvh,194.8254620123203,4.525667351129363,toluca,M,ara
en juicio,casvh,209.0841889117043,3.72621492128679,toluca,M,ara
en juicio,casvh,174.3244353182752,4.495550992470911,ciudad de mexico,M,ara
en juicio,casvh,80.22997946611909,13.87542778918549,toluca,M,ara
en juicio,casvh,109.7330595482546,12.76386036960986,otumba,M,ara
en juicio,casvh,191.0800821355236,4.635181382614648,tlanepantla de baz,M,ara
en juicio,casvh,211.1211498973306,8.813141683778234,toluca,M,ara
en juicio,casvh,139.7618069815195,8.826830937713895,tlanepantla de baz,H,ara
en juicio,casvh,209.6755646817249,2.182067077344285,toluca,M,ara
en juicio,casvh,116.9281314168378,10.44216290212183,teotihuacan,M,ara
en juicio,casvh,79.63860369609856,12.85694729637235,toluca,H,ara
en juicio,casvh,174.0287474332649,4.484599589322382,toluca,H,ara
en juicio,casvh,168.7063655030801,5.119780971937029,toluca,M,ara
en juicio,casvh,199.2279260780288,2.255989048596851,toluca,M,ara
en juicio,casvh,105.2320328542095,10.07802874743327,toluca,M,ara
en juicio,casvh,140.6817248459959,7.011635865845311,tlanepantla de baz,M,ara
en juicio,casvh,0.06570841889117043,18.72142368240931,texcoco,M,ara
en juicio,casvh,176.0985626283368,3.887748117727584,ciudad de mexico,M,ara
en juicio,casvh,67.48254620123203,12.91170431211499,toluca,M,ara
egresos no autorizados,casvh,155.3018480492813,6.959616700889802,toluca,M,ara
egresos no autorizados,casvh,164.6981519507187,7.60848733744011,toluca,M,ara
egresos no autorizados,casvh,186.1190965092403,4.191649555099247,temoaya,M,ara
egresos no autorizados,casvh,119.9835728952772,7.069130732375085,toluca,H,ara
egresos no autorizados,casvh,195.1540041067762,5.790554414784395,texcoco,M,ara
egresos no autorizados,casvh,161.741273100616,4.386036960985626,atlacomulco,M,ara
egresos no autorizados,casvh,176.394250513347,4.583162217659138,toluca,M,ara
egresos no autorizados,casvh,134.0780287474333,4.42984257357974,ciudad de mexico,M,ara
egresos no autorizados,casvh,201.0349075975359,2.647501711156742,chimalhuacan,H,ara
egresos no autorizados,casvh,148.435318275154,13.75496235455168,toluca,M,ara
egresos no autorizados,casvh,187.2361396303901,2.584531143052704,toluca,M,ara
egresos no autorizados,casvh,185.3963039014374,4.386036960985626,acambay,M,ara
egresos no autorizados,casvh,172.7802874743326,2.685831622176591,toluca,M,ara
egresos no autorizados,casvh,185.3634496919918,2.69678302532512,toluca,M,ara
egresos no autorizados,casvh,198.1437371663245,1.68104038329911,tultepec,M,ara
egresos no autorizados,casvh,216.0164271047228,0.7364818617385352,toluca,M,ara
canalizado colocar lugar,casvh,89.46201232032854,14.0643394934976,valle de bravo,M,ara
canalizado colocar lugar,casvh,104.6735112936345,11.58932238193018,chalco solidaridad,H,ara
canalizado colocar lugar,casvh,110.3572895277208,7.550992470910336,tlanepantla de baz,M,ara
canalizado colocar lugar,casvh,149.5195071868583,5.919233401779603,valle de bravo,H,ara
canalizado colocar lugar,casvh,152.1149897330595,9.218343600273785,acolman,M,ara
canalizado colocar lugar,casvh,132.1067761806981,10.08624229979466,toluca,M,ara
canalizado colocar lugar,casvh,152.1806981519507,5.070499657768652,tlalmanalco,M,ara
canalizado colocar lugar,casvh,152.6078028747433,6.680355920602327,ecatepec de morelos,M,ara
canalizado colocar lugar,casvh,140.6817248459959,7.011635865845311,toluca,M,ara
canalizado colocar lugar,casvh,60.35318275154004,11.84394250513347,nextlalpan,M,ara
canalizado colocar lugar,casvh,114.4312114989733,8.607802874743326,toluca,M,ara
canalizado colocar lugar,casvh,139.7618069815195,8.826830937713895,nextlalpan,M,ara
canalizado colocar lugar,casvh,209.8398357289528,2.598220396988364,ciudad de mexico,M,ara
canalizado colocar lugar,casvh,184.8049281314168,4.865160848733744,toluca,H,ara
canalizado colocar lugar,casvh,173.2731006160164,4.101300479123887,chalco solidaridad,M,ara
canalizado colocar lugar,casvh,207.8685831622176,3.159479808350445,chalco solidaridad,H,ara
canalizado colocar lugar,casvh,151.7207392197125,4.251882272416153,jilotepec,M,ara
canalizado colocar lugar,casvh,134.3408624229979,7.83025325119781,toluca,M,ara
canalizado colocar lugar,casvh,150.735112936345,6.899383983572895,toluca,M,ara
canalizado colocar lugar,casvh,151.2936344969199,6.321697467488022,ecatepec de morelos,H,ara
canalizado colocar lugar,casvh,184.7720739219712,3.299110198494182,tecamac,M,ara
canalizado colocar lugar,casvh,8.37782340862423,2.357289527720739,zumpango,M,ara
canalizado colocar lugar,casvh,199.7864476386037,1.267624914442163,chapultepec,M,ara
canalizado colocar lugar,casvh,180.7638603696099,1.957563312799453,estado de veracruz,M,ara
canalizado colocar lugar,casvh,143.3100616016427,3.698836413415469,ixtapan de la sal,M,ara
canalizado colocar lugar,casvh,108.7802874743327,3.698836413415469,ixtapan de la sal,M,ara
canalizado colocar lugar,casvh,131.5482546201232,3.619438740588638,zumpango,M,ara
canalizado colocar lugar,casvh,152.6078028747433,4.41615331964408,jocotitlan,M,ara
canalizado colocar lugar,casvh,115.2854209445585,4.167008898015058,cuautitlan izcalli,M,ara
reintegracion,casvh,166.340862422998,5.169062286105407,nezahualcoyotl,M,ara
reintegracion,casvh,209.5770020533881,4.372347707049966,chimalhuacan,M,ara
reintegracion,casvh,170.1519507186858,4.312114989733059,toluca,M,ara
reintegracion,casvh,100.6652977412731,7.337440109514032,toluca,M,ara
reintegracion,casvh,178.9568788501027,4.167008898015058,tlanepantla de baz,M,ara
reintegracion,casvh,240.0,3.838466803559206,toluca,M,ara
reintegracion,casvh,240.0,3.715263518138261,toluca,M,ara
reintegracion,casvh,202.1190965092403,3.88227241615332,estado de tabasco,M,ara
reintegracion,casvh,181.6180698151951,3.701574264202601,paraje tzoeptic chiapas,M,ara
reintegracion,casvh,179.8439425051335,3.690622861054072,nextlapan,M,ara
reintegracion,casvh,211.0554414784394,3.537303216974675,michoacan,M,ara
reintegracion,casvh,170.1848049281314,3.3347022587269,nuevo leon,M,ara
reintegracion,casvh,213.4537987679671,3.373032169746749,zinacantepec,M,ara
reintegracion,casvh,192.5913757700205,3.868583162217659,toluca,M,ara
reintegracion,casvh,228.0082135523614,5.136208076659822,toluca,M,ara
reintegracion,casvh,153.5934291581109,6.351813826146475,valle de bravo,M,ara
reintegracion,casvh,137.5934291581109,7.698836413415469,coacalco de berriozabal,M,ara
reintegracion,casvh,180.6324435318275,3.356605065023956,toluca,M,ara
reintegracion,casvh,122.9404517453799,6.872005475701574,ixtlahuaca,M,ara
reintegracion,casvh,129.6427104722792,7.589322381930184,chimalhuacan,M,ara
reintegracion,casvh,197.3552361396304,2.787132101300479,huixquilucan,M,ara
reintegracion,casvh,175.1129363449692,3.51813826146475,toluca,M,ara
reintegracion,casvh,201.3305954825462,2.469541409993155,toluca,M,ara
reintegracion,casvh,215.9835728952772,2.469541409993155,toluca,M,ara
reintegracion,casvh,192.4271047227926,2.595482546201232,santiago tianguistenco,M,ara
reintegracion,casvh,198.0123203285421,2.195756331279945,zumpango,M,ara
reintegracion,casvh,197.5523613963039,2.376454483230664,zinacantepec,M,ara
reintegracion,casvh,10.41478439425051,2.376454483230664,zinacantepec,M,ara
reintegracion,casvh,186.8090349075975,1.88911704312115,ecatepec de morelos,M,ara
reintegracion,casvh,201.1334702258727,2.255989048596851,tecamac,M,ara
reintegracion,casvh,156.9774127310062,4.369609856262834,toluca,M,ara
reintegracion,casvh,165.1252566735113,4.041067761806982,san mateo atenco,M,ara
reintegracion,casvh,189.5030800821355,1.88911704312115,zumpango,M,ara
reintegracion,casvh,205.1745379876797,1.823408624229979,mintontic chiapas,M,ara
reintegracion,casvh,12.71457905544148,1.823408624229979,mintontic chiapas,H,ara
reintegracion,casvh,211.8110882956879,1.869952087611225,san felipe del progreso,M,ara
reintegracion,casvh,147.8767967145791,2.023271731690623,huixquilucan,M,ara
reintegracion,casvh,147.8767967145791,2.023271731690623,huixquilucan,M,ara
reintegracion,casvh,181.7494866529774,1.957563312799453,estado de veracruz,M,ara
reintegracion,casvh,126.9815195071868,8.386036960985626,toluca,H,ara
reintegracion,casvh,180.1067761806981,1.68104038329911,baja california sur,M,ara
reintegracion,casvh,176.7556468172484,2.11088295687885,chalco solidaridad,M,ara
reintegracion,casvh,174.8501026694045,1.713894592744695,ecatepec de morelos,M,ara
reintegracion,casvh,178.3326488706365,1.713894592744695,ciudad de mexico,M,ara
reintegracion,casvh,204.1560574948665,1.711156741957563,ciudad de mexico,M,ara
reintegracion,casvh,195.5154004106776,1.711156741957563,ecatepec de morelos,M,ara
reintegracion,casvh,191.5728952772074,1.300479123887748,origen venezolano,M,ara
reintegracion,casvh,161.5441478439425,4.167008898015058,tlanepantla de baz,M,ara
reintegracion,casvh,210.8911704312115,1.13347022587269,tlanepantla de baz,M,ara
reintegracion,casvh,170.7433264887064,1.056810403832991,guerrero,M,ara
reintegracion,casvh,2.069815195071869,1.056810403832991,toluca,M,ara
reintegracion,casvh,141.5687885010267,4.019164955509924,atlacomulco,M,ara
reintegracion,casvh,142.5544147843943,6.135523613963039,toluca,M,ara
reintegracion,casvh,162.6611909650924,1.169062286105407,atlacomulco,M,ara
reintegracion,casvh,207.2443531827515,0.837782340862423,jalisco,M,ara
reintegracion,casvh,183.5893223819302,0.758384668035592,zinacantepec,M,ara
situacion juridica resuelta,casvh,80.75564681724846,9.74674880219028,tonatico,M,ara
situacion juridica resuelta,casvh,202.7433264887064,8.643394934976044,jocotitlan,M,ara
situacion juridica resuelta,casvh,168.0164271047228,10.31348391512662,ecatepec de morelos,M,ara
situacion juridica resuelta,casvh,83.81108829568788,18.48049281314168,atizapan de zaragosa,M,ara
situacion juridica resuelta,casvh,197.5195071868583,6.570841889117043,toluca,M,ara
situacion juridica resuelta,casvh,78.2258726899384,10.85831622176591,toluca,M,ara
situacion juridica resuelta,casvh,148.4024640657084,4.717316906228611,villa victoria,M,ara
situacion juridica resuelta,casvh,167.4907597535934,4.005475701574264,toluca,M,ara
situacion juridica resuelta,casvh,167.8193018480493,3.832991101984942,toluca,M,ara
situacion juridica resuelta,casvh,175.4086242299795,3.832991101984942,tenancingo,M,ara
situacion juridica resuelta,casvh,174.652977412731,2.31895961670089,nextlapan,M,ara
situacion juridica resuelta,casvh,122.0533880903491,4.648870636550308,tlanepantla de baz,M,ara
situacion juridica resuelta,casvh,197.9794661190965,3.849418206707734,toluca,M,ara
situacion juridica resuelta,casvh,141.5687885010267,4.019164955509924,ixtlahuaca,M,ara
situacion juridica resuelta,casvh,150.9322381930185,4.019164955509924,ixtlahuaca,M,ara
situacion juridica resuelta,casvh,142.5544147843943,6.135523613963039,toluca,M,ara
situacion juridica resuelta,casvh,121.9548254620123,4.421629021218344,toluca,M,ara
situacion juridica resuelta,casvh,133.9137577002053,4.783025325119781,tenango,M,ara
situacion juridica resuelta,casvh,164.6981519507187,2.42299794661191,huixquilucan,H,ara
situacion juridica resuelta,casvh,138.0533880903491,5.319644079397673,temascaltepec,M,ara
situacion juridica resuelta,casvh,102.4722792607803,5.730321697467488,tlanepantla de baz,M,ara
situacion juridica resuelta,casvh,130.7268993839836,4.399726214921286,toluca,M,ara
situacion juridica resuelta,casvh,127.6714579055441,3.247091033538672,toluca,M,ara
situacion juridica resuelta,casvh,135.7207392197125,4.090349075975359,toluca,M,ara
situacion juridica resuelta,casvh,106.9404517453799,5.117043121149897,toluca,M,ara
situacion juridica resuelta,casvh,200.3449691991786,1.314168377823409,huehuetoca,M,ara
situacion juridica resuelta,casvh,134.0780287474333,4.42984257357974,toluca,M,ara
situacion juridica resuelta,casvh,172.911704312115,1.856262833675565,almoloya de juarez,M,ara
en juicio,casvh,171.0718685831622,2.357289527720739,zumpango,M,ara
sin resolver,casvh,178.2340862422998,3.805612594113621,toluca,M,ara
sin resolver,casvh,189.6344969199179,1.68104038329911,tamaulipas,M,ara
sin resolver,casvh,198.6036960985626,1.357973990417522,chimalhuacan,M,ara
sin resolver,casvh,2.562628336755647,1.357973990417522,chimalhuacan,M,ara
sin resolver,casvh,193.4784394250514,1.357973990417522,chimalhuacan,M,ara
sin resolver,casvh,4.763860369609856,1.357973990417522,chimalhuacan,H,ara
sin resolver,casvh,203.9260780287474,1.264887063655031,valle de bravo,M,ara
sin resolver,casvh,6.636550308008214,1.264887063655031,valle de bravo,H,ara
sin resolver,casvh,194.0698151950718,0.5722108145106092,ciudad de mexico,M,ara
sin resolver,casvh,12.58316221765914,0.5722108145106092,toluca,H,ara
sin resolver,casvh,156.2874743326489,0.5010266940451745,toluca,M,ara
sin resolver,casvh,199.2279260780288,0.3340177960301163,toluca,M,ara
situacion juridica resuelta,castri,56.83778234086242,9.040383299110198,ecatepec de morelos,H,miguel angel
situacion juridica resuelta,castri,85.51950718685832,5.138945927446954,toluca,M,miguel angel
situacion juridica resuelta,castri,236.5503080082136,0.246406570841889,toluca,H,miguel angel
situacion juridica resuelta,castri,171.170431211499,7.704312114989733,toluca,M,miguel angel
situacion juridica resuelta,castri,14.06160164271047,9.774127310061601,amecameca,M,miguel angel
situacion juridica resuelta,castri,32.95277207392198,19.3347022587269,atlacomulco,M,miguel angel
situacion juridica resuelta,castri,42.90759753593429,16.72826830937714,melchor ocampo,M,miguel angel
situacion juridica resuelta,castri,159.7700205338809,8.596851471594798,tlanepantla de baz,H,miguel angel
situacion juridica resuelta,castri,85.97946611909651,8.596851471594798,tlanepantla de baz,H,miguel angel
situacion juridica resuelta,castri,60.38603696098562,9.78507871321013,toluca,H,miguel angel
situacion juridica resuelta,castri,100.6652977412731,7.255304585900069,lerma,M,miguel angel
situacion juridica resuelta,castri,19.31827515400411,18.48870636550308,toluca,H,miguel angel
situacion juridica resuelta,castri,11.95893223819302,20.87063655030801,valle de bravo,H,miguel angel
situacion juridica resuelta,castri,194.135523613963,7.701574264202601,saltillo coahuila,H,miguel angel
situacion juridica resuelta,castri,9.527720739219712,18.24777549623546,chalco solidaridad,H,miguel angel
situacion juridica resuelta,castri,44.8788501026694,19.92607802874743,nezahualcoyotl,H,miguel angel
situacion juridica resuelta,castri,31.1129363449692,11.30458590006845,toluca,M,miguel angel
situacion juridica resuelta,castri,2.628336755646817,14.47227926078029,atizapan de zaragosa,H,miguel angel
situacion juridica resuelta,castri,32.55852156057495,19.83025325119781,tlanepantla de baz,H,miguel angel
situacion juridica resuelta,castri,48.45995893223819,17.67830253251198,zumpango,M,miguel angel
situacion juridica resuelta,castri,122.0533880903491,21.40177960301164,tlalmanalco,H,miguel angel
situacion juridica resuelta,castri,130.52977412731,4.999315537303217,axapusco,M,miguel angel
situacion juridica resuelta,castri,129.0184804928131,5.190965092402464,toluca,H,miguel angel
situacion juridica resuelta,castri,57.42915811088296,10.15195071868583,cuautitlan izcalli,H,miguel angel
situacion juridica resuelta,castri,171.7289527720739,3.616700889801506,toluca,H,miguel angel
situacion juridica resuelta,castri,120.6406570841889,1.475701574264203,nicolas romero,M,miguel angel
situacion juridica resuelta,castri,78.45585215605749,3.337440109514032,atizapan de zaragosa,H,miguel angel
situacion juridica resuelta,castri,54.73511293634498,1.664613278576318,toluca,H,miguel angel
situacion juridica resuelta,castri,99.71252566735114,0.999315537303217,teoloyucan,H,miguel angel
situacion juridica resuelta,castri,1.051334702258727,4.706365503080082,naucalpan de juarez,H,miguel angel
situacion juridica resuelta,castri,1.57700205338809,5.360711841204655,ecatepec de morelos,M,miguel angel
situacion juridica resuelta,castri,51.97535934291582,5.319644079397673,tlanepantla de baz,M,miguel angel
situacion juridica resuelta,castri,214.4394250513347,0.837782340862423,atizapan de zaragosa,M,miguel angel
situacion juridica resuelta,castri,132.4024640657084,0.3066392881587953,huixquilucan,M,miguel angel
sin resolver,castri,111.3100616016427,3.425051334702259,naucalpan de juarez,M,miguel angel
sin resolver,castri,158.7186858316222,2.173853524982889,cuautitlan izcalli,M,miguel angel
sin resolver,castri,242.8911704312115,1.670088980150582,cuautitlan izcalli,M,miguel angel
sin resolver,castri,196.6324435318275,1.623545516769336,toluca,M,miguel angel
sin resolver,castri,2.726899383983573,4.386036960985626,atlacomulco,H,miguel angel
sin resolver,castri,148.8952772073922,0.3832991101984942,toluca,M,miguel angel
egresos no autorizados,villa juvenil,201.4948665297741,5.368925393566051,toluca,H,francisco
egresos no autorizados,villa juvenil,176.1642710472279,5.78507871321013,xalatlaco,H,francisco
egresos no autorizados,villa juvenil,195.1211498973306,4.42984257357974,cuautitlan izcalli,H,francisco
egresos no autorizados,villa juvenil,194.5954825462012,4.829568788501026,toluca,H,francisco
egresos no autorizados,villa juvenil,157.0759753593429,4.262833675564682,toluca,H,francisco
egresos no autorizados,villa juvenil,156.7474332648871,5.78507871321013,xalatlaco,H,francisco
egresos no autorizados,villa juvenil,200.1149897330595,3.690622861054072,toluca,H,francisco
egresos no autorizados,villa juvenil,183.523613963039,2.754277891854894,atizapan de zaragosa,H,francisco
egresos no autorizados,villa juvenil,199.3264887063655,2.929500342231349,zinacantepec,H,francisco
egresos no autorizados,villa juvenil,204.2546201232033,1.823408624229979,zinacantepec,H,francisco
egresos no autorizados,villa juvenil,207.6386036960985,1.820670773442847,toluca,H,francisco
egresos no autorizados,villa juvenil,192.0,1.670088980150582,villa de allende,H,francisco
egresos no autorizados,villa juvenil,215.9835728952772,4.117727583846681,huixquilucan,H,francisco
egresos no autorizados,villa juvenil,180.7310061601643,1.492128678986995,tenancingo,H,francisco
egresos no autorizados,villa juvenil,216.0164271047228,1.010266940451745,zinacantepec,H,francisco
egresos no autorizados,villa juvenil,200.2464065708419,0.5886379192334018,san felipe del progreso,H,francisco
egresos no autorizados,villa juvenil,213.2238193018481,0.5092402464065708,toluca,H,francisco
egresos no autorizados,villa juvenil,165.5195071868583,1.56331279945243,toluca,H,francisco
egresos no autorizados,villa juvenil,179.2197125256673,1.645448323066393,ecatepec de morelos,H,francisco
egresos no autorizados,villa juvenil,201.3634496919918,0.3559206023271732,zinacantepec,H,francisco
en juicio,villa juvenil,258.2012320328543,1.152635181382615,toluca,H,francisco
en juicio,villa juvenil,205.9958932238193,5.503080082135524,ecatepec de morelos,H,francisco
en juicio,villa juvenil,215.4907597535934,3.520876112251882,zumpango,H,francisco
en juicio,villa juvenil,204.2217659137577,4.350444900752909,toluca,H,francisco
en juicio,villa juvenil,176.3285420944559,6.105407255304586,nezahualcoyotl,H,francisco
en juicio,villa juvenil,116.0739219712526,14.87474332648871,chalco solidaridad,H,francisco
en juicio,villa juvenil,195.9425051334702,5.210130047912389,zinacantepec,H,francisco
en juicio,villa juvenil,199.7864476386037,5.210130047912389,zinacantepec,H,francisco
en juicio,villa juvenil,163.6139630390144,6.795345653661875,texcoco,H,francisco
en juicio,villa juvenil,153.2977412731006,7.011635865845311,toluca,H,francisco
en juicio,villa juvenil,186.0533880903491,4.068446269678303,toluca,H,francisco
en juicio,villa juvenil,131.9096509240246,11.96714579055442,michoacan,H,francisco
en juicio,villa juvenil,181.6837782340862,4.186173853524983,atlacomulco,H,francisco
en juicio,villa juvenil,202.0533880903491,2.455852156057495,valle de bravo,H,francisco
en juicio,villa juvenil,132.8624229979466,11.55099247091034,ecatepec de morelos,H,francisco
en juicio,villa juvenil,166.6694045174538,6.776180698151951,tlanepantla de baz,H,francisco
en juicio,villa juvenil,60.71457905544148,14.98699520876112,los reyes la paz,H,francisco
en juicio,villa juvenil,147.1868583162218,7.797399041752224,toluca,H,francisco
en juicio,villa juvenil,145.1827515400411,9.670088980150581,nezahualcoyotl,H,francisco
en juicio,villa juvenil,208.7227926078029,1.070499657768652,zinacantepec,H,francisco
en juicio,villa juvenil,209.4455852156058,0.9774127310061602,chicoloapan,H,francisco
en juicio,villa juvenil,144.2299794661191,7.36208076659822,ixtapan de la sal,H,francisco
reintegracion,villa juvenil,173.8973305954825,4.421629021218344,toluca,H,francisco
reintegracion,villa juvenil,179.8439425051335,4.427104722792608,cuautitlan izcalli,H,francisco
reintegracion,villa juvenil,206.8829568788501,3.704312114989733,zinacantepec,H,francisco
reintegracion,villa juvenil,186.4147843942505,4.131416837782341,almoloya de juarez,H,francisco
reintegracion,villa juvenil,180.435318275154,5.111567419575633,toluca,H,francisco
reintegracion,villa juvenil,182.5379876796715,3.134839151266256,toluca,H,francisco
reintegracion,villa juvenil,197.8809034907597,2.472279260780287,otzoloapan,H,francisco
reintegracion,villa juvenil,168.5749486652977,4.695414099931554,naucalpan de juarez,H,francisco
reintegracion,villa juvenil,214.2751540041068,1.859000684462697,ecatepec de morelos,H,francisco
reintegracion,villa juvenil,186.611909650924,2.176591375770021,huixquilucan,H,francisco
reintegracion,villa juvenil,204.0246406570842,2.05886379192334,tecamac,H,francisco
reintegracion,villa juvenil,151.2607802874743,5.300479123887748,atlacomulco,H,francisco
reintegracion,villa juvenil,129.741273100616,1.311430527036276,nicolas romero,H,francisco
reintegracion,villa juvenil,149.782340862423,1.311430527036276,nicolas romero,H,francisco
reintegracion,villa juvenil,132.9281314168378,2.310746064339494,nicolas romero,H,francisco
reintegracion,villa juvenil,151.4579055441478,2.310746064339494,nicolas romero,H,francisco
reintegracion,villa juvenil,151.1622176591376,2.310746064339494,nicolas romero,H,francisco
reintegracion,villa juvenil,163.3839835728953,2.310746064339494,nicolas romero,H,francisco
reintegracion,villa juvenil,176.5585215605749,2.310746064339494,nicolas romero,H,francisco
reintegracion,villa juvenil,178.3326488706365,2.310746064339494,nicolas romero,H,francisco
reintegracion,villa juvenil,186.5133470225873,2.310746064339494,nicolas romero,H,francisco
reintegracion,villa juvenil,170.4476386036961,2.310746064339494,nicolas romero,H,francisco
reintegracion,villa juvenil,171.5318275154004,2.310746064339494,nicolas romero,H,francisco
reintegracion,villa juvenil,178.6611909650924,2.310746064339494,nicolas romero,H,francisco
reintegracion,villa juvenil,180.6652977412731,2.310746064339494,nicolas romero,H,francisco
reintegracion,villa juvenil,184.2135523613963,2.310746064339494,nicolas romero,H,francisco
reintegracion,villa juvenil,195.088295687885,2.310746064339494,nicolas romero,H,francisco
reintegracion,villa juvenil,212.3367556468173,1.188227241615332,toluca,H,francisco
reintegracion,villa juvenil,211.6139630390144,1.054072553045859,zinacantepec,H,francisco
reintegracion,villa juvenil,182.3408624229979,2.275154004106776,toluca,H,francisco
reintegracion,villa juvenil,209.741273100616,0.7967145790554415,zinacantepec,H,francisco
reintegracion,villa juvenil,197.7166324435318,0.9911019849418207,chicoloapan,H,francisco
reintegracion,villa juvenil,171.006160164271,0.9911019849418207,chicoloapan,H,francisco
reintegracion,villa juvenil,189.3716632443532,0.3723477070499658,nopaltepec,H,francisco
canalizado colocar lugar,villa juvenil,71.95071868583162,20.99657768651608,toluca,H,francisco
canalizado colocar lugar,villa juvenil,170.1519507186858,5.319644079397673,chalco solidaridad,H,francisco
canalizado colocar lugar,villa juvenil,127.5728952772074,9.35523613963039,tlanepantla de baz,H,francisco
canalizado colocar lugar,villa juvenil,180.3039014373716,3.808350444900753,chicoloapan,H,francisco
canalizado colocar lugar,villa juvenil,111.2443531827516,9.352498288843258,tlanepantla de baz,H,francisco
canalizado colocar lugar,villa juvenil,209.741273100616,3.750855578370979,nicolas romero,H,francisco
canalizado colocar lugar,villa juvenil,192.1314168377824,3.233401779603012,almoloya de juarez,H,francisco
canalizado colocar lugar,villa juvenil,212.0082135523614,1.921971252566735,toluca,H,francisco
canalizado colocar lugar,villa juvenil,200.082135523614,1.571526351813826,toluca,H,francisco
canalizado colocar lugar,villa juvenil,75.17043121149896,11.1895961670089,tenango,H,francisco
canalizado colocar lugar,villa juvenil,206.6201232032854,0.9911019849418207,chicoloapan,H,francisco
canalizado colocar lugar,villa juvenil,165.8480492813142,0.9911019849418207,chicoloapan,H,francisco
canalizado colocar lugar,villa juvenil,211.9753593429158,0.9911019849418207,chicoloapan,H,francisco
canalizado colocar lugar,villa juvenil,192.2299794661191,0.5557837097878165,ciudad de mexico,H,francisco
situacion juridica resuelta,villa juvenil,74.77618069815196,16.03832991101985,atizapan de zaragosa,H,francisco
situacion juridica resuelta,villa juvenil,36.10677618069816,15.7015742642026,santiago tianguistenco,H,francisco
situacion juridica resuelta,villa juvenil,170.3162217659138,8.366872005475702,tlanepantla de baz,H,francisco
situacion juridica resuelta,villa juvenil,134.5379876796715,8.366872005475702,tlanepantla de baz,H,francisco
situacion juridica resuelta,villa juvenil,133.2566735112936,8.24914442162902,tlanepantla de baz,H,francisco
situacion juridica resuelta,villa juvenil,106.8090349075975,12.57221081451061,coacalco de berriozabal,H,francisco
situacion juridica resuelta,villa juvenil,77.89733059548254,13.10609171800137,tultepec,H,francisco
situacion juridica resuelta,villa juvenil,150.5379876796715,10.3791923340178,toluca,H,francisco
situacion juridica resuelta,villa juvenil,157.6016427104723,5.130732375085558,amecameca,H,francisco
situacion juridica resuelta,villa juvenil,100.8952772073922,8.48186173853525,atizapan de zaragosa,H,francisco
situacion juridica resuelta,villa juvenil,122.7104722792608,6.324435318275154,toluca,M,francisco
situacion juridica resuelta,villa juvenil,135.4907597535934,7.704312114989733,toluca,H,francisco
situacion juridica resuelta,villa juvenil,126.1601642710472,3.909650924024641,tlatlaya,H,francisco
situacion juridica resuelta,villa juvenil,154.5790554414784,3.063655030800821,toluca,H,francisco
situacion juridica resuelta,villa juvenil,168.0164271047228,3.063655030800821,toluca,H,francisco
situacion juridica resuelta,villa juvenil,202.6776180698152,1.872689938398357,valle de bravo,H,francisco
situacion juridica resuelta,villa juvenil,119.4579055441478,4.867898699520876,tonatico,H,francisco
situacion juridica resuelta,villa juvenil,128.7227926078029,5.828884325804244,jilotepec,H,francisco
sin resolver,villa juvenil,175.7043121149897,2.45037645448323,atizapan de zaragosa,H,francisco
sin resolver,villa juvenil,156.4845995893224,1.645448323066393,tenancingo,H,francisco
sin resolver,villa juvenil,172.9774127310062,0.6050650239561944,toluca,H,francisco
sin resolver,villa juvenil,175.9671457905544,0.5913757700205339,ecatepec de morelos,H,francisco
adopcion,mediana,64.8806391780406,3.687452674543858,toluca,M,paola
adopcion,mediana,81.26999697947838,3.467128261144398,toluca,M,paola
adopcion,mediana,9.870266012215893,5.249725964603181,toluca,M,paola
adopcion,mediana,9.954800762994246,5.269538418176933,toluca,M,paola
adopcion,mediana,27.56236006968365,4.999252364223478,toluca,M,paola
adopcion,mediana,74.08155158371018,4.458609625874432,toluca,M,paola
adopcion,mediana,42.64373178431553,5.48130878884335,zumpango,M,paola
adopcion,mediana,14.89226435847506,4.268537354714835,toluca,M,paola
adopcion,mediana,65.39731075938765,4.658005888115932,toluca,M,paola
adopcion,mediana,52.90220577777352,5.437286349152354,toluca,H,paola
adopcion,mediana,64.04131287710408,4.666090133875149,toluca,M,paola
adopcion,mediana,31.56121435475975,4.773161403295997,naucalpan de juarez,M,paola
adopcion,mediana,43.10078416327597,6.711644500936278,toluca,M,paola
adopcion,mediana,30.74635234076405,4.756139968780909,almoloya de juarez,M,paola
adopcion,mediana,60.82264973479926,2.726500270529406,toluca,M,paola
adopcion,mediana,59.44211322727391,2.796378043432094,toluca,M,paola
adopcion,mediana,44.87953585969432,5.706347332351058,atizapan de zaragosa,H,paola
adopcion,mediana,47.88960317280568,4.425160025188057,toluca,M,paola
adopcion,mediana,40.32330783468188,5.209647597060636,tultitlan,M,paola
adopcion,mediana,0.6090029696164002,1.082835000695081,atizapan de zaragosa,M,paola
adopcion,mediana,34.32800298979673,4.723095704185805,naucalpan de juarez,M,paola
adopcion,mediana,11.53964435446154,4.131817954191641,toluca,M,paola
adopcion,mediana,45.96959780061145,5.550039651633962,toluca,M,paola
adopcion,mediana,49.87639220041677,5.26350461464557,toluca,M,paola
adopcion,mediana,60.8576011763606,3.05080927787898,toluca,M,paola
adopcion,mediana,39.63696166685478,4.708677123316278,zumpango,M,paola
adopcion,mediana,13.91284416713938,3.521930159680259,toluca,M,paola
adopcion,mediana,149.4866529774127,1.048596851471595,san mateo atenco,M,paola
adopcion,mediana,64.13190715869922,3.602689627333329,toluca,M,paola
adopcion,mediana,15.80646412465678,1.469811761547285,toluca,M,paola
adopcion,mediana,30.090962433136,4.799367382394982,toluca,M,paola
adopcion,mediana,6.813528438425424,6.045344131432532,toluca,M,paola
adopcion,mediana,64.18779738492083,4.63666355835815,toluca,M,paola
adopcion,mediana,8.510793411174252,5.945973742104925,toluca,M,paola
adopcion,mediana,40.51969338353558,5.022725907135411,naucalpan de juarez,M,paola
adopcion,mediana,14.98435250558371,1.94606906129987,toluca,M,paola
adopcion,mediana,40.63635537517715,5.250424825231945,tultitlan,M,paola
adopcion,mediana,38.16936058679255,4.929076798589613,zumpango,M,paola
adopcion,mediana,9.728662892419463,4.370791947208574,toluca,M,paola
adopcion,mediana,38.44334143135138,4.96476524193425,atlacomulco,M,paola
adopcion,mediana,38.5964177626261,4.619970311645369,tultitlan,M,paola
adopcion,mediana,17.24140885271063,4.818094363517579,toluca,M,paola
adopcion,mediana,40.52206290856898,5.865344167418145,tultitlan,M,paola
adopcion,mediana,51.71754611153424,4.982869305965762,toluca,H,paola
adopcion,mediana,46.64211791421418,5.453604710419157,zumpango,H,paola
adopcion,mediana,38.23839259778075,4.825238072823372,tultitlan,M,paola
adopcion,mediana,42.40122980297544,5.455999116033583,zumpango,H,paola
adopcion,mediana,14.00006945737633,3.588421569451054,toluca,M,paola
adopcion,mediana,71.58183383054579,4.456505577456336,toluca,M,paola
adopcion,mediana,7.978761443259091,5.380562429430629,toluca,M,paola
adopcion,mediana,0.5462551380508562,2.5427708685792,toluca,M,paola
adopcion,mediana,42.86852240168916,4.663198784855205,almoloya de juarez,H,paola
adopcion,mediana,29.4545614210931,4.810834067296655,naucalpan de juarez,M,paola
adopcion,mediana,58.37087732368947,3.128006287740864,toluca,M,paola
adopcion,mediana,14.1776450312591,2.318865605321579,toluca,M,paola
adopcion,mediana,4.044468706080515,2.50878022750832,toluca,M,paola
adopcion,mediana,41.01691033524698,5.311265757415137,naucalpan de juarez,M,paola
adopcion,mediana,39.52699687151321,5.105921007198051,tultitlan,M,paola
adopcion,mediana,48.62537221833975,5.195439477879671,toluca,M,paola
adopcion,mediana,65.34696336689339,4.807017328462791,toluca,M,paola
adopcion,mediana,16.84272600487451,1.165398333073843,toluca,M,paola
adopcion,mediana,149.4866529774127,1.048596851471595,tultitlan,M,paola
adopcion,mediana,40.47514996859302,5.006878730665459,naucalpan de juarez,M,paola
adopcion,mediana,51.14019111313938,4.191849022179364,toluca,H,paola
adopcion,mediana,7.909573134743377,5.356675989585918,toluca,M,paola
adopcion,mediana,4.625208440966674,2.892937119651368,toluca,M,paola
adopcion,mediana,10.72903605149086,4.044057165415094,toluca,M,paola
adopcion,mediana,71.35295480459004,4.505400634838788,toluca,M,paola
adopcion,mediana,62.29895905172319,4.501981199112192,toluca,M,paola
adopcion,mediana,111.5231542744594,2.348695290032693,tultitlan,M,paola
adopcion,mediana,1.976818410636678,6.87022476815131,toluca,M,paola
adopcion,mediana,62.04300791137277,2.916696042323623,toluca,M,paola
adopcion,mediana,42.76423995378488,4.607934518843435,toluca,H,paola
adopcion,mediana,1.079224825135821,1.265822279375988,toluca,M,paola
adopcion,mediana,46.25942870295491,5.045594505246838,toluca,H,paola
adopcion,mediana,42.17123535815261,4.636132376685637,tultitlan,M,paola
adopcion,mediana,27.88849482647671,4.947890587536531,toluca,M,paola
adopcion,mediana,5.285855504033838,3.919379751082681,toluca,M,paola
adopcion,mediana,41.35532615773864,4.692154311221103,tultitlan,M,paola
adopcion,mediana,60.917522851906,3.398596429068462,toluca,M,paola
adopcion,mediana,47.84297565961086,4.650564086805008,toluca,M,paola
adopcion,mediana,67.98375483560064,4.733678548543029,toluca,M,paola
adopcion,mediana,109.3502751810692,4.839106889819904,tultitlan,M,paola
adopcion,mediana,38.52785383774125,4.975773734999599,atlacomulco,M,paola
adopcion,mediana,9.913281574998058,4.901571087722356,toluca,M,paola
adopcion,mediana,11.2919401225905,4.926596988925997,toluca,M,paola
adopcion,mediana,5.677962078632394,6.61760746179208,toluca,M,paola
adopcion,mediana,10.76339587249305,4.735228164286125,toluca,M,paola
adopcion,mediana,51.31815665142592,4.640715271265924,toluca,H,paola
adopcion,mediana,39.08656793897188,5.048551219059576,tultitlan,M,paola
adopcion,mediana,50.87202079404305,4.530241242519637,toluca,M,paola
adopcion,mediana,60.54865740018758,2.884917133342067,toluca,M,paola
adopcion,mediana,149.4866529774127,1.048596851471595,san mateo atenco,M,paola
adopcion,mediana,39.34899528942634,5.082734716974761,tultitlan,M,paola
adopcion,mediana,13.03597035961189,3.406753303729158,toluca,M,paola
adopcion,mediana,60.59053402271789,3.8179360767941,toluca,M,paola
adopcion,mediana,41.36990563100958,5.325205264409816,zumpango,M,paola
adopcion,mediana,58.20892498557454,4.281045305656678,toluca,H,paola
adopcion,mediana,81.06258118948462,4.449538808410163,toluca,M,paola
adopcion,mediana,8.686015848100517,5.268666960647665,toluca,M,paola
adopcion,mediana,12.40605122637761,3.649780591231703,toluca,M,paola
adopcion,mediana,78.19524908503796,4.375038744761163,toluca,M,paola
adopcion,mediana,50.57747587905789,4.408655543658439,toluca,H,paola
adopcion,mediana,30.25277687976881,4.796451806779976,toluca,M,paola
adopcion,mediana,69.49334168346444,4.60195122882393,toluca,M,paola
adopcion,mediana,3.831802554946716,3.068862203123627,toluca,M,paola
adopcion,mediana,32.24993608182043,4.76069881966347,naucalpan de juarez,M,paola
adopcion,mediana,49.93841953807438,3.724339871814941,toluca,M,paola
adopcion,mediana,51.69526507843631,4.586523782275968,capulhuac,M,paola
adopcion,mediana,51.18519495423921,4.378948287230875,toluca,H,paola
adopcion,mediana,51.28626455689318,4.264190156228864,ecatepec de morelos,M,paola
adopcion,mediana,61.89673766578082,4.701327763197666,toluca,M,paola
adopcion,mediana,52.00626329189468,4.915663558186076,toluca,M,paola
adopcion,mediana,113.6071311489966,2.906220609502214,san mateo atenco,M,paola
adopcion,mediana,107.183296886197,3.23880773820739,tultitlan,M,paola
adopcion,mediana,62.85437218202899,4.742814222185981,toluca,M,paola
adopcion,mediana,51.59917024456698,4.393593531284725,toluca,H,paola
adopcion,mediana,5.05255003213846,3.264155890952089,toluca,M,paola
adopcion,mediana,80.07375890900865,4.432697553024928,toluca,M,paola
adopcion,mediana,82.9872413830016,4.678221092735072,toluca,M,paola
adopcion,mediana,43.92950400394272,5.61550346225104,toluca,H,paola
adopcion,mediana,74.76780375942432,4.450948118330574,toluca,M,paola
adopcion,mediana,16.95530779245624,0.882442773618445,toluca,M,paola
adopcion,mediana,148.2306719976834,1.167212650231395,san mateo atenco,M,paola
adopcion,mediana,61.99946363483954,4.72079385051595,toluca,M,paola
adopcion,mediana,8.018522075370836,6.062685960217943,toluca,M,paola
adopcion,mediana,56.82152987233582,4.878167546003882,toluca,M,paola
adopcion,mediana,49.79384485336325,4.727040627400594,toluca,H,paola
adopcion,mediana,48.87427415013542,5.053007854291057,toluca,M,paola
adopcion,mediana,30.56737375158486,4.831726681940671,ixtapaluca,M,paola
adopcion,mediana,7.786894531325415,5.314322662215431,toluca,M,paola
adopcion,mediana,62.32612096668577,2.960819896364135,toluca,M,paola
adopcion,mediana,69.96263889070102,4.577585448867057,toluca,M,paola
adopcion,mediana,58.80264777000757,2.889815918466446,toluca,M,paola
adopcion,mediana,64.07373893731817,3.631194949751407,toluca,M,paola
adopcion,mediana,13.16155867608555,3.249563888833762,toluca,M,paola
adopcion,mediana,47.53697109661537,5.325288676005772,zumpango,H,paola
adopcion,mediana,0.3728214002419118,1.303636161195647,atizapan de zaragosa,M,paola
adopcion,mediana,5.877044969515717,3.668565955293025,atizapan de zaragosa,M,paola
adopcion,mediana,27.28359392029982,5.02637867689644,tultitlan,M,paola
adopcion,mediana,64.88527453792288,3.696160069322727,toluca,M,paola
adopcion,mediana,93.87269584492797,4.873834177964394,toluca,M,paola
adopcion,mediana,50.88498376505479,4.396669086592455,capulhuac,M,paola
adopcion,mediana,16.9702232193915,0.6338287659725215,toluca,M,paola
adopcion,mediana,35.97331348027293,4.781999420782057,almoloya de juarez,M,paola
adopcion,mediana,78.8166026599697,4.358316109632935,toluca,M,paola
adopcion,mediana,56.47804095236312,5.571065730946644,toluca,H,paola
adopcion,mediana,97.4779151737729,5.380926684719076,toluca,M,paola
adopcion,mediana,51.24888011910047,4.375189093471703,toluca,H,paola
adopcion,mediana,29.33032405062417,4.813283100182957,ixtapaluca,M,paola
adopcion,mediana,37.80160204300662,4.896555152990755,tultitlan,M,paola
adopcion,mediana,29.3360544969583,4.813187592744056,ixtapaluca,M,paola
adopcion,mediana,43.85044128690082,5.183564652408788,atizapan de zaragosa,H,paola
adopcion,mediana,57.69746873542798,3.474089074282614,toluca,M,paola
adopcion,mediana,31.99750434880149,4.765266631975241,tultitlan,M,paola
adopcion,mediana,8.085857070884522,5.218653729212998,toluca,M,paola
adopcion,mediana,82.58236109638435,4.962091869909086,toluca,M,paola
adopcion,mediana,48.93098863797029,3.939774835529176,toluca,M,paola
adopcion,mediana,17.40717766309761,0.7744675729312238,toluca,M,paola
adopcion,mediana,7.299739449811714,4.234176363582001,toluca,M,paola
adopcion,mediana,67.82622607305399,4.688507405804228,toluca,M,paola
adopcion,mediana,42.10668793707182,4.975025653976004,zumpango,M,paola
adopcion,mediana,37.67254624532882,4.886925989791925,atlacomulco,M,paola
adopcion,mediana,85.89758794511062,4.858342695577464,toluca,M,paola
adopcion,mediana,83.08367832477799,4.29634954626047,toluca,M,paola
adopcion,mediana,8.67248810854073,5.907637675358414,toluca,M,paola
adopcion,mediana,69.6711039356229,3.71495360543932,toluca,M,paola
adopcion,mediana,50.63568762854083,4.428626210826454,toluca,H,paola
adopcion,mediana,40.01050899249834,4.784492109538659,atlacomulco,M,paola
adopcion,mediana,47.40990915936825,4.503852201975893,toluca,H,paola
adopcion,mediana,87.67202492184163,4.968162755000209,toluca,M,paola
adopcion,mediana,91.66579771308311,5.215337701761688,toluca,M,paola
adopcion,mediana,18.57058055608679,4.914753853806794,toluca,M,paola
adopcion,mediana,72.59790862598418,4.592370088712534,toluca,M,paola
adopcion,mediana,63.83631529609044,4.768106696336049,toluca,M,paola
adopcion,mediana,67.49580010163203,4.864091140478751,toluca,M,paola
adopcion,mediana,40.15544733655919,5.187782273276046,zumpango,M,paola
adopcion,mediana,62.24826744275981,4.708285278371068,toluca,M,paola
adopcion,mediana,55.94828829926438,5.667261240376024,toluca,M,paola
adopcion,mediana,15.76310658692287,3.878841803525642,toluca,M,paola
adopcion,mediana,41.22729481757234,5.327399946773713,naucalpan de juarez,M,paola
adopcion,mediana,52.13707432812345,5.184613094872528,toluca,M,paola
adopcion,mediana,56.34264683723134,5.64578888168605,toluca,H,paola
adopcion,mediana,98.3321265993486,5.501075883306795,toluca,M,paola
adopcion,mediana,39.15072861891139,5.056908718630984,zumpango,M,paola
adopcion,mediana,56.43139617483275,5.503528914060275,toluca,H,paola
adopcion,mediana,42.46886559792297,6.342452750732086,tultitlan,M,paola
adopcion,mediana,1.923745870276265,6.460971181209829,toluca,M,paola
adopcion,mediana,64.70828834357815,3.363696419529314,toluca,M,paola
adopcion,mediana,47.87157435246463,4.203603373960662,toluca,H,paola
adopcion,mediana,50.10876312040542,3.837476401079807,toluca,H,paola
adopcion,mediana,57.21900169629279,3.168715742217928,toluca,M,paola
adopcion,mediana,50.9331682310065,4.393824864643917,tepoztlan chalma,M,paola
adopcion,mediana,49.30959603337159,4.898695992696145,toluca,H,paola
adopcion,mediana,87.30325640483437,3.996326243936192,amecameca,M,paola
adopcion,mediana,38.68178319819622,4.571027461918499,tultitlan,M,paola
adopcion,mediana,8.804761629619762,5.665729160436099,toluca,M,paola
adopcion,mediana,58.66409934448313,2.910060437264538,toluca,M,paola
adopcion,mediana,63.01920323561247,4.479352807489717,toluca,M,paola
adopcion,mediana,42.79248661979975,5.147171828001282,almoloya de juarez,M,paola
adopcion,mediana,5.070289804847295,2.988098616157621,toluca,M,paola
adopcion,mediana,29.49996062160187,4.810455823999996,naucalpan de juarez,M,paola
adopcion,mediana,75.70636981476612,3.940386483803098,toluca,M,paola
adopcion,mediana,124.7974855588855,2.326852012785607,ocuilan,M,paola
adopcion,mediana,48.98498009462953,5.013765075459189,toluca,H,paola
adopcion,mediana,41.96586971043567,5.850634549633384,tultitlan,M,paola
adopcion,mediana,35.44820928125154,4.720962863596237,tultitlan,M,paola
adopcion,mediana,15.67406529471374,4.102632251277924,toluca,M,paola
adopcion,mediana,48.09817387214783,4.861710226939753,toluca,M,paola
adopcion,mediana,49.48319016992949,5.242111391223742,toluca,M,paola
adopcion,mediana,47.59767586113839,5.316584013825669,toluca,H,paola
adopcion,mediana,142.6427855425516,1.402930747129625,san mateo atenco,M,paola
adopcion,mediana,62.70321002882855,4.302822300429156,toluca,M,paola
adopcion,mediana,115.9553250975056,2.784645386508038,san mateo atenco,M,paola
adopcion,mediana,39.56647150604992,4.472402024268512,atlacomulco,M,paola
adopcion,mediana,62.06426094191644,4.618300876340975,toluca,M,paola
adopcion,mediana,42.60945892111218,4.676371095080237,zumpango,M,paola
adopcion,mediana,123.6570877686075,2.385894885178302,tultitlan,M,paola
adopcion,mediana,0.6291183920135236,1.090662936297735,toluca,M,paola
adopcion,mediana,48.86895378573369,5.208692194011986,toluca,M,paola
adopcion,mediana,38.50390827445195,4.887938285601704,tultitlan,M,paola
adopcion,mediana,36.41704521634616,4.623313359148284,atlacomulco,M,paola
adopcion,mediana,49.34681899942241,3.331418514060255,toluca,M,paola
adopcion,mediana,49.10323614619927,3.281951691574196,toluca,M,paola
adopcion,mediana,51.9029770301865,4.806352264544909,toluca,M,paola
adopcion,mediana,49.9563925199985,5.267857249113171,toluca,M,paola
adopcion,mediana,39.59556102714635,5.114852098668062,tultitlan,M,paola
adopcion,mediana,7.865948360249416,5.341615055534431,toluca,M,paola
adopcion,mediana,7.536744685894808,4.366642665915068,toluca,M,paola
adopcion,mediana,48.10009349165421,4.032602657560293,toluca,H,paola
adopcion,mediana,5.351201605857388,3.14510505270944,toluca,M,paola
adopcion,mediana,74.12283041875504,4.484599589322382,toluca,M,paola
adopcion,mediana,42.8989801677788,6.339307934544587,naucalpan de juarez,M,paola
adopcion,mediana,42.39273547246993,4.583117493038527,toluca,M,paola
adopcion,mediana,53.92427811774031,5.035502564297995,toluca,H,paola
adopcion,mediana,30.04391968344182,4.789444722567519,ixtapaluca,M,paola
adopcion,mediana,46.48878173509866,5.475592105472508,toluca,M,paola
adopcion,mediana,11.55157403930878,4.321179498479987,toluca,M,paola
adopcion,mediana,98.05353730011497,5.588001913681775,toluca,M,paola
adopcion,mediana,42.42164515598049,6.296281651943882,toluca,M,paola
adopcion,mediana,29.8860746789029,4.803059053642425,naucalpan de juarez,M,paola
adopcion,mediana,48.95255548515519,3.394705927729631,toluca,H,paola
adopcion,mediana,49.73122811596803,3.494076871199265,tepoztlan chalma,M,paola
adopcion,mediana,34.80426823903225,4.876414796630621,toluca,M,paola
adopcion,mediana,28.6728698449432,4.867375271071428,ixtapaluca,M,paola
adopcion,mediana,56.65475955509683,5.43935811640922,toluca,H,paola
adopcion,mediana,42.36017400006261,4.82445059946438,tultitlan,M,paola
adopcion,mediana,81.83741324295451,4.508306085577931,toluca,M,paola
adopcion,mediana,10.33818312259951,5.202480365715241,toluca,M,paola
adopcion,mediana,1.705121212435706,5.577363189104238,atizapan de zaragosa,M,paola
adopcion,mediana,47.89094061261227,4.421759423037904,toluca,M,paola
adopcion,mediana,41.57071608539869,5.29340209578184,zumpango,M,paola
adopcion,mediana,83.78091414794635,3.298756383001996,lerma,M,paola
adopcion,mediana,48.17541746175112,3.976237781977569,toluca,M,paola
adopcion,mediana,37.55404897891228,4.947879071873841,atlacomulco,M,paola
adopcion,mediana,57.07475494571071,5.126337358216483,toluca,M,paola
adopcion,mediana,49.09782933196909,3.285997606984537,toluca,M,paola
adopcion,mediana,51.42781524747176,4.362316151863795,toluca,M,paola
adopcion,mediana,29.422054434582,4.811754260450328,almoloya de juarez,M,paola
adopcion,mediana,50.048071326067,3.650989699057798,toluca,H,paola
adopcion,mediana,37.84210064439966,4.89957685096291,tultitlan,M,paola
adopcion,mediana,149.4866529774127,1.048596851471595,san mateo atenco,M,paola
adopcion,mediana,12.67039709895815,5.17443692636953,toluca,M,paola
adopcion,mediana,54.09885749755717,5.52763184936394,toluca,M,paola
adopcion,mediana,47.65904155128862,4.498380509086005,toluca,M,paola
adopcion,mediana,61.7000776442291,4.488376436155439,toluca,M,paola
adopcion,mediana,62.56972850391449,2.998786719914413,toluca,M,paola
adopcion,mediana,52.43087098228364,5.379743039343921,toluca,M,paola
adopcion,mediana,15.37506919880581,1.777488322777331,toluca,M,paola
adopcion,mediana,42.48065494384162,4.614887017809103,atlacomulco,M,paola
adopcion,mediana,81.56782673955232,3.466505573347368,toluca,M,paola
adopcion,mediana,57.7907568431825,3.324553725087857,toluca,M,paola
adopcion,mediana,13.26326889856053,4.907134403327643,toluca,M,paola
adopcion,mediana,81.80651611678044,3.603171300669194,toluca,M,paola
adopcion,mediana,34.3685563972511,4.874975069975619,naucalpan de juarez,M,paola
adopcion,mediana,0.3437745964683057,1.522383219100022,toluca,M,paola
adopcion,mediana,32.7175760576817,4.850431081728746,atlacomulco,M,paola
adopcion,mediana,37.02668038791858,4.892537923436231,atlacomulco,M,paola
adopcion,mediana,106.4526493532745,5.112760876319747,ecatepec de morelos,M,paola
adopcion,mediana,61.4822955276496,4.095119853570321,toluca,M,paola
adopcion,mediana,85.5619045693623,4.358232134149123,ocuilan,M,paola
canalizado colocar lugar,intermedias,122.9050133311689,3.794661190965092,cuautitlan izcalli,M,david
canalizado colocar lugar,casvh,109.4874532686108,5.426236192146886,ocoyoacac,H,ara
canalizado colocar lugar,ninos grandes,144.691213068147,4.442278747889516,toluca,H,francisco
canalizado colocar lugar,intermedias,141.3564508830117,3.52989989167709,toluca,M,david
canalizado colocar lugar,intermedias,101.0233232959163,4.850090132510047,los reyes la paz,M,david
canalizado colocar lugar,intermedios,107.5149756739354,6.116050807291655,ocoyoacac,H,david
canalizado colocar lugar,intermedias,87.50490617408693,5.829007916231279,toluca,M,david
canalizado colocar lugar,intermedias,128.98158021507,7.955581233420699,toluca,M,david
canalizado colocar lugar,ninos grandes,151.461736001277,5.987595727578316,ecatepec de morelos,H,francisco
canalizado colocar lugar,casvh,152.4702784020955,7.388606954738608,ecatepec de morelos,M,ara
canalizado colocar lugar,intermedias,74.68341400575426,16.13254870195009,toluca,M,david
canalizado colocar lugar,intermedias,124.6579051692422,3.794661190965092,toluca,M,david
canalizado colocar lugar,ninas grandes,211.1103037319013,3.888191198227767,nicolas romero,H,francisco
canalizado colocar lugar,intermedias,126.9396846772474,4.58735480157312,toluca,M,david
canalizado colocar lugar,intermedias,96.19888528815598,5.188113019003747,naucalpan de juarez,M,david
canalizado colocar lugar,ninos grandes,141.7428800498833,2.33637896240365,toluca,M,francisco
canalizado colocar lugar,casvh,150.7656251083663,6.860781462909531,ecatepec de morelos,M,ara
canalizado colocar lugar,villa juvenil,210.904798076248,2.812166346822494,chicoloapan,H,francisco
canalizado colocar lugar,villa juvenil,180.7234682503581,3.760532168420674,toluca,H,francisco
canalizado colocar lugar,villa juvenil,208.7248841702053,2.915671882465057,chicoloapan,H,francisco
canalizado colocar lugar,ninos grandes,151.5663708037291,2.94097583400956,ocoyoacac,H,francisco
canalizado colocar lugar,ninos grandes,152.9227367812495,4.457713082889267,ocoyoacac,H,francisco
canalizado colocar lugar,intermedias,81.87644734990323,5.29531653993889,toluca,M,david
canalizado colocar lugar,intermedias,78.87825497749633,6.668312733537451,toluca,M,david
canalizado colocar lugar,intermedias,89.06119690458144,11.89388620445197,zinacantepec,M,david
canalizado colocar lugar,intermedios,104.5938933523104,7.352723260178786,ocoyoacac,H,david
canalizado colocar lugar,ninos grandes,153.5387718942229,4.931111969002639,huixquilucan,H,francisco
canalizado colocar lugar,casvh,183.7379333370236,3.416971809278649,toluca,H,ara
canalizado colocar lugar,casvh,112.933864171372,5.416939285365814,toluca,M,ara
canalizado colocar lugar,ninos grandes,160.750722638706,0.9911019849418207,nezahualcoyotl,H,francisco
canalizado colocar lugar,ninos grandes,109.7775859111576,8.584375428192763,ocoyoacac,H,francisco
canalizado colocar lugar,ninos grandes,157.815058286384,4.465587530426576,chicoloapan,H,francisco
canalizado colocar lugar,casvh,115.331353486088,4.480881265133473,cuautitlan izcalli,M,ara
canalizado colocar lugar,intermedias,78.75702475528615,6.124965786113068,toluca,M,david
canalizado colocar lugar,intermedias,98.87659414389415,6.055675299131561,los reyes la paz,M,david
canalizado colocar lugar,villa juvenil,209.7738727199675,3.369621140954727,chicoloapan,H,francisco
canalizado colocar lugar,intermedios,107.6774458222318,6.053029152545719,ocoyoacac,H,david
canalizado colocar lugar,villa juvenil,213.5157322907689,2.908028002648426,toluca,M,ariana
canalizado colocar lugar,ninos grandes,143.3417249247775,3.699374905305516,toluca,H,francisco
canalizado colocar lugar,villa juvenil,207.7745163785385,2.996100657749888,chicoloapan,H,francisco
canalizado colocar lugar,ninos grandes,104.1713395987069,10.51132714348558,toluca,H,francisco
canalizado colocar lugar,intermedias,96.75326774690286,6.408458655054491,donato guerra,M,david
canalizado colocar lugar,casvh,114.4889000187213,7.529944201971369,cuautitlan izcalli,M,ara
canalizado colocar lugar,casvh,151.9700634095753,6.506306191566879,jocotitlan,M,ara
canalizado colocar lugar,casvh,130.4170583109986,9.813805904136588,toluca,M,francisco
canalizado colocar lugar,intermedias,132.337401088164,4.321997086387467,amecameca,M,david
canalizado colocar lugar,casvh,135.1853743500668,7.985506959002389,toluca,M,ara
canalizado colocar lugar,casvh,109.2355373045571,3.731600605742226,tlanepantla de baz,M,ara
canalizado colocar lugar,casvh,180.731471841252,2.08788858166815,toluca,H,ara
canalizado colocar lugar,villa juvenil,206.8809498568996,1.444116699113936,toluca,H,francisco
canalizado colocar lugar,intermedios,104.9647740612236,7.244543345087097,coacalco de berriozabal,H,david
canalizado colocar lugar,casvh,184.5099319897543,4.995099625418437,tecamac,H,ara
canalizado colocar lugar,intermedias,99.56481256979889,5.786565598732984,los reyes la paz,M,david
canalizado colocar lugar,villa juvenil,207.499924686327,2.519178244961535,chicoloapan,H,francisco
canalizado colocar lugar,intermedias,58.30553331613802,5.725106012931261,toluca,M,david
canalizado colocar lugar,villa juvenil,211.3538800612923,1.319243045639036,chicoloapan,H,francisco
canalizado colocar lugar,intermedias,140.4226347158782,3.465114930473727,toluca,M,david
canalizado colocar lugar,ninos grandes,110.615504002741,8.075391003513051,ocoyoacac,H,francisco
canalizado colocar lugar,casvh,151.5342613218546,5.888340192814559,jocotitlan,M,ara
canalizado colocar lugar,intermedias,82.80999596981752,5.159608718828062,toluca,M,david
canalizado colocar lugar,casvh,138.1263892334122,5.959631852119186,toluca,M,david
canalizado colocar lugar,intermedios,108.2046362788687,5.848533648036778,ocoyoacac,H,david
canalizado colocar lugar,ninos grandes,144.779282267727,4.166538277775973,toluca,H,francisco
canalizado colocar lugar,intermedias,72.21342849048783,20.19638506723159,toluca,M,david
canalizado colocar lugar,ninos grandes,170.1705182765458,5.312631561367969,nezahualcoyotl,H,francisco
canalizado colocar lugar,ninos grandes,151.5549466730455,2.890060362898776,zinacantepec,H,francisco
canalizado colocar lugar,ninos grandes,157.9168144253725,0.9911019849418207,toluca,H,francisco
canalizado colocar lugar,casvh,131.9879100856838,9.639911766554869,toluca,M,ara
canalizado colocar lugar,intermedias,137.9989586353798,4.528535270336018,toluca,M,david
canalizado colocar lugar,villa juvenil,194.7680933931892,4.808459124955073,toluca,H,francisco
canalizado colocar lugar,ninos grandes,157.4376769151742,1.403967671172135,chicoloapan,H,francisco
canalizado colocar lugar,casvh,185.0072620986558,4.820096930768712,chicoloapan,H,francisco
canalizado colocar lugar,villa juvenil,208.8892371954582,1.383123711231841,chicoloapan,H,francisco
canalizado colocar lugar,intermedias,82.81681066222363,7.335111062870606,toluca,M,david
canalizado colocar lugar,casvh,200.7717561344101,2.85109584450196,toluca,H,francisco
canalizado colocar lugar,intermedias,93.67795779917293,6.554352840873081,naucalpan de juarez,M,david
canalizado colocar lugar,intermedias,143.4022479362852,5.091538786814586,toluca,M,ara
canalizado colocar lugar,ninos grandes,192.1332066475588,3.184778614011498,toluca,H,francisco
canalizado colocar lugar,casvh,150.9679482844829,6.604811990095373,ecatepec de morelos,M,ara
canalizado colocar lugar,intermedias,84.52646498992299,5.356013177832642,cuautitlan izcalli,M,david
canalizado colocar lugar,casvh,180.4190067859456,3.345188447067148,toluca,H,ara
canalizado colocar lugar,casvh,143.9320585996322,4.727843075745521,toluca,M,david
canalizado colocar lugar,intermedias,100.0742825923269,3.387142046473539,toluca,M,david
canalizado colocar lugar,ninas grandes,197.311804810846,2.383215605236287,toluca,M,ariana
canalizado colocar lugar,casvh,151.8709853761033,4.519284657897375,ecatepec de morelos,M,ara
canalizado colocar lugar,villa juvenil,61.00785288965861,17.78817844705243,toluca,H,francisco
canalizado colocar lugar,villa juvenil,173.5124294321742,2.699232497799531,chalco solidaridad,H,francisco
canalizado colocar lugar,villa juvenil,180.460303876352,3.845072672057941,tecamac,H,francisco
canalizado colocar lugar,ninos grandes,188.5709455999194,4.072190713980009,toluca,H,francisco
canalizado colocar lugar,intermedias,130.7473010817756,5.457648669615794,toluca,M,david
canalizado colocar lugar,intermedias,83.95558226440174,7.575696612626546,toluca,M,david
canalizado colocar lugar,intermedios,112.084359597629,4.874835531268017,ocoyoacac,H,david
canalizado colocar lugar,intermedias,100.0935384467147,3.381194938206857,naucalpan de juarez,M,david
canalizado colocar lugar,intermedias,137.9323296437209,6.557111053162534,toluca,M,ara
canalizado colocar lugar,intermedios,108.911704312115,5.574264202600959,ocoyoacac,H,david
canalizado colocar lugar,villa juvenil,74.41579623175608,11.05531651212539,toluca,H,francisco
canalizado colocar lugar,intermedias,72.86964040379021,18.197617147632,toluca,M,david
canalizado colocar lugar,casvh,151.2207754938656,6.305169267721074,tlalmanalco,M,ara
canalizado colocar lugar,intermedias,123.717530253497,3.794661190965092,toluca,M,david
canalizado colocar lugar,ninos grandes,171.7044356598374,4.733308023641652,naucalpan de juarez,H,francisco
canalizado colocar lugar,intermedias,74.17315420209907,4.005500311560525,toluca,M,david
canalizado colocar lugar,villa juvenil,194.1251331217842,3.810771644355506,toluca,H,francisco
canalizado colocar lugar,intermedias,74.57692977135197,12.9973531045995,toluca,M,david
canalizado colocar lugar,casvh,134.8536667780573,7.764049234719939,toluca,M,ara
canalizado colocar lugar,casvh,152.1006814233555,5.292032687944902,ecatepec de morelos,M,ara
canalizado colocar lugar,casvh,181.5626944461883,4.200657209166136,chicoloapan,H,ara
canalizado colocar lugar,intermedias,95.37199255056714,6.741347078265198,naucalpan de juarez,M,david
canalizado colocar lugar,ninos grandes,170.0617448482011,4.302322317819709,ciudad de mexico,H,francisco
canalizado colocar lugar,casvh,115.9412678483831,6.128341960335884,cuautitlan izcalli,M,ara
canalizado colocar lugar,intermedias,127.4590454452479,3.794661190965092,toluca,M,david
canalizado colocar lugar,villa juvenil,209.750525498817,3.642653921631147,chicoloapan,H,francisco
canalizado colocar lugar,casvh,150.9692069373702,6.248100474812391,tlalmanalco,M,ara
canalizado colocar lugar,intermedias,131.1397192823596,5.503532193069097,toluca,M,david
canalizado colocar lugar,ninas grandes,214.6853817334031,5.350158942194594,toluca,M,ariana
canalizado colocar lugar,intermedias,113.7586514628622,4.873629228643898,toluca,M,david
canalizado colocar lugar,villa juvenil,187.0486498943724,3.520655631398426,toluca,H,francisco
canalizado colocar lugar,villa juvenil,204.1171528976268,3.520338028375886,toluca,H,ara
canalizado colocar lugar,casvh,114.7682466027319,8.136249374309212,cuautitlan izcalli,M,ara
canalizado colocar lugar,intermedias,122.3065477949159,3.794661190965092,toluca,M,david
canalizado colocar lugar,intermedios,112.3384594833578,4.991721478703258,ocoyoacac,H,david
canalizado colocar lugar,casvh,131.3874920813252,9.970270769279821,toluca,M,ara
canalizado colocar lugar,casvh,152.1742084506639,8.913367204611006,ecatepec de morelos,M,ara
canalizado colocar lugar,villa juvenil,208.4509695498899,0.9911019849418207,toluca,H,francisco
canalizado colocar lugar,casvh,152.4358916878401,6.700462492169954,jocotitlan,M,ara
canalizado colocar lugar,casvh,180.7277045549993,3.907856529696548,toluca,H,ara
canalizado colocar lugar,intermedias,128.4984744775845,5.194704473647705,toluca,M,david
canalizado colocar lugar,ninos grandes,154.894526911378,4.047821231377169,chicoloapan,H,francisco
canalizado colocar lugar,ninos grandes,130.7428783054767,6.205573515388439,tlanepantla de baz,H,francisco
canalizado colocar lugar,ninos grandes,173.401650306945,4.064511587312087,naucalpan de juarez,H,francisco
canalizado colocar lugar,casvh,184.7798483967801,3.669693497718721,estado de veracruz,H,francisco
canalizado colocar lugar,intermedias,144.0536866875,4.68265486254465,toluca,M,francisco
canalizado colocar lugar,ninos grandes,173.5737737824968,4.013604138900426,chalco solidaridad,H,francisco
canalizado colocar lugar,intermedios,67.23837009070274,11.53988489721405,toluca,H,francisco
canalizado colocar lugar,intermedias,74.04280315068553,14.62425918897638,toluca,M,david
canalizado colocar lugar,villa juvenil,184.7736528599325,3.374372907982761,toluca,H,francisco
canalizado colocar lugar,ninos grandes,107.9477717229435,7.914874566816646,donato guerra,H,david
canalizado colocar lugar,ninos grandes,128.0084893531377,8.922434333417595,tlanepantla de baz,H,francisco
canalizado colocar lugar,intermedias,126.4072139268746,4.949668746983169,toluca,M,david
canalizado colocar lugar,villa juvenil,209.8383272732363,2.615860948561949,toluca,H,francisco
canalizado colocar lugar,casvh,180.7332438049483,2.080758537271101,toluca,H,ara
canalizado colocar lugar,intermedias,126.8494193781255,4.416226838654502,toluca,M,david
canalizado colocar lugar,intermedias,121.6699678827233,4.208307178438822,toluca,M,david
canalizado colocar lugar,ninas grandes,196.4418191164683,3.848596697024338,toluca,M,francisco
canalizado colocar lugar,intermedias,130.8603223132893,3.727349690680231,toluca,M,david
canalizado colocar lugar,intermedios,111.113471997497,9.140507636670348,tlanepantla de baz,H,david
canalizado colocar lugar,villa juvenil,200.446617894771,1.539168620371076,toluca,H,francisco
canalizado colocar lugar,villa juvenil,209.5780512858579,2.672756245369539,chicoloapan,H,francisco
canalizado colocar lugar,villa juvenil,209.0603697759153,3.535833475833918,chicoloapan,H,francisco
canalizado colocar lugar,intermedias,120.432469866636,3.973411721681513,toluca,M,david
canalizado colocar lugar,intermedias,100.4125591420242,5.242247444435314,zumpango,M,david
canalizado colocar lugar,intermedias,121.5091629075726,4.17778401185929,toluca,M,david
canalizado colocar lugar,intermedias,57.71899901429223,3.972409761310526,toluca,M,david
canalizado colocar lugar,villa juvenil,198.8374287980488,1.953544305191852,toluca,H,francisco
canalizado colocar lugar,ninos grandes,128.2623468201382,8.670204157872192,tlanepantla de baz,H,francisco
canalizado colocar lugar,ninos grandes,177.9618643049909,2.759450344450291,naucalpan de juarez,H,francisco
canalizado colocar lugar,casvh,151.8672009014667,8.801920702735837,ecatepec de morelos,M,ara
canalizado colocar lugar,intermedias,83.22589561921527,5.007968014560651,toluca,M,david
canalizado colocar lugar,intermedias,137.1120880197946,4.924608356286917,toluca,M,david
canalizado colocar lugar,villa juvenil,19.88981624127245,3.569394063657637,toluca,H,francisco
canalizado colocar lugar,ninos grandes,155.664500339491,5.053403633535581,toluca,H,francisco
canalizado colocar lugar,casvh,111.2344081635857,3.875458735748074,ocoyoacac,H,ara
canalizado colocar lugar,casvh,138.3452409623313,6.885339439701276,toluca,M,david
canalizado colocar lugar,ninas grandes,211.8702519171324,1.566615525461693,toluca,M,ariana
canalizado colocar lugar,intermedias,86.5843849535537,6.653819941757124,toluca,M,david
canalizado colocar lugar,casvh,151.9630781180025,6.755762324899496,acolman,M,ara
canalizado colocar lugar,intermedias,135.6848187584303,4.770636213241974,amecameca,M,david
canalizado colocar lugar,ninos grandes,152.4576776922499,2.527737591978058,tultitlan,H,francisco
canalizado colocar lugar,ninos grandes,171.2620107926781,3.516102859568881,chalco solidaridad,H,francisco
canalizado colocar lugar,ninos grandes,164.5119229107252,0.9911019849418207,toluca,H,francisco
canalizado colocar lugar,intermedias,80.51171378623164,5.988286204568675,toluca,M,david
canalizado colocar lugar,casvh,136.6570077993122,5.262052084971323,toluca,M,ara
canalizado colocar lugar,intermedias,86.25625154931957,5.874399080076744,toluca,M,david
canalizado colocar lugar,ninos grandes,155.0425966837773,5.081214035796711,toluca,H,francisco
canalizado colocar lugar,casvh,149.5890287191946,5.935004490133662,ecatepec de morelos,M,ara
canalizado colocar lugar,ninos grandes,171.4564229326646,4.810442206397173,nezahualcoyotl,H,francisco
canalizado colocar lugar,casvh,152.6078028747433,4.489557519213568,acolman,M,ara
canalizado colocar lugar,casvh,151.491246623291,8.170108651912745,tlalmanalco,M,ara
canalizado colocar lugar,casvh,152.0512907534349,6.52847448749524,tlalmanalco,M,ara
canalizado colocar lugar,ninos grandes,162.9342369029982,0.9911019849418207,toluca,H,francisco
canalizado colocar lugar,intermedias,80.45910600268452,4.87184723408511,toluca,M,david
canalizado colocar lugar,intermedias,82.92378394749423,5.189366279385793,toluca,M,david
canalizado colocar lugar,ninos grandes,193.1466419554904,3.021197355894767,toluca,H,francisco
canalizado colocar lugar,casvh,131.6878574485413,8.51324353100997,toluca,M,francisco
canalizado colocar lugar,casvh,182.9169455339996,4.421875397028745,toluca,H,ara
canalizado colocar lugar,intermedias,79.96714579055441,4.41615331964408,toluca,M,david
canalizado colocar lugar,villa juvenil,188.9070435824298,3.262190826525803,toluca,H,francisco
canalizado colocar lugar,ninos grandes,157.6557087004152,1.859914643452847,toluca,H,francisco
canalizado colocar lugar,intermedios,106.2193644406388,7.284991981576239,toluca,H,david
canalizado colocar lugar,intermedias,80.35948200579877,6.372204071888406,toluca,M,david
canalizado colocar lugar,casvh,152.2947204567997,6.594910510705212,tlalmanalco,M,ara
canalizado colocar lugar,intermedias,58.47231400503389,6.223484176579319,toluca,M,david
canalizado colocar lugar,ninos grandes,163.4613580573559,0.9911019849418207,toluca,H,francisco
canalizado colocar lugar,ninos grandes,153.3369674240918,4.36501540157904,tultitlan,H,francisco
canalizado colocar lugar,casvh,113.3653318132935,5.485470101483739,toluca,M,ara
canalizado colocar lugar,intermedias,116.0950329974155,5.697657167907278,toluca,M,david
canalizado colocar lugar,casvh,202.6282697253996,5.02484528327455,toluca,H,ara
canalizado colocar lugar,intermedios,103.1186616784351,8.251578541302152,toluca,H,david
canalizado colocar lugar,intermedias,126.5488023018427,3.846306964868294,toluca,M,david
canalizado colocar lugar,intermedias,120.5654658616359,3.794661190965092,toluca,M,david
canalizado colocar lugar,casvh,184.4965508821688,4.440058171009124,almoloya de juarez,H,ara
canalizado colocar lugar,intermedias,98.89080583736079,6.060279806138348,naucalpan de juarez,M,david
canalizado colocar lugar,casvh,151.4021551419377,5.107634503550168,tlalmanalco,M,ara
canalizado colocar lugar,intermedias,80.3793197434319,4.797942654200476,toluca,M,david
canalizado colocar lugar,intermedias,135.2569556902686,6.57548307905739,toluca,M,david
canalizado colocar lugar,intermedias,89.00779590116096,6.03767558516377,zinacantepec,M,david
canalizado colocar lugar,villa juvenil,14.50298255035703,3.167248676402081,toluca,H,francisco
canalizado colocar lugar,ninas grandes,201.2313162247485,3.801093120285062,toluca,H,francisco
canalizado colocar lugar,intermedias,117.7079951004554,4.575378704881827,toluca,M,david
canalizado colocar lugar,ninos grandes,152.5070318737464,4.550740679231237,ecatepec de morelos,H,francisco
canalizado colocar lugar,ninos grandes,154.9989154035945,5.096983599576419,toluca,H,francisco
canalizado colocar lugar,intermedias,126.018586399441,3.991060630925244,toluca,M,david
canalizado colocar lugar,villa juvenil,205.8782930332165,1.056959604730182,toluca,H,francisco
canalizado colocar lugar,casvh,184.4940381923337,4.792166009022026,toluca,H,ara
canalizado colocar lugar,intermedias,119.671815470181,3.794661190965092,toluca,M,david
canalizado colocar lugar,intermedias,83.99177142569957,5.468663817724043,toluca,M,david
canalizado colocar lugar,casvh,132.0131604471935,9.73472439849815,toluca,M,francisco
egresos no autorizados,ninas grandes,181.3888672371442,1.477071351591776,cuautitlan izcalli,M,ariana
egresos no autorizados,villa juvenil,200.2605588143859,3.867674144492692,zinacantepec,H,francisco
egresos no autorizados,ninas grandes,195.1390050243784,5.169342418809018,toluca,M,ariana
egresos no autorizados,ninas grandes,167.9476894558987,3.813732960807533,toluca,M,ariana
egresos no autorizados,ninas grandes,187.7153922399422,2.865692673989912,toluca,M,ariana
egresos no autorizados,ninas grandes,141.2621143385093,4.677986448030916,toluca,M,ariana
egresos no autorizados,ninas grandes,123.8089867319891,4.040673472932888,toluca,M,ariana
egresos no autorizados,ninas grandes,210.6424820306713,4.842530516936817,toluca,M,ariana
egresos no autorizados,ninas grandes,181.6519528419272,1.435216823558117,cuautitlan izcalli,M,ariana
egresos no autorizados,ninas grandes,157.3135231638769,3.819422363267884,toluca,M,ariana
egresos no autorizados,ninas grandes,215.23255494215,3.13574180783313,toluca,M,francisco
egresos no autorizados,ninas grandes,133.9613601091511,4.199345698504657,toluca,M,ariana
egresos no autorizados,ninas grandes,164.6966132589872,7.606810448395656,toluca,M,ariana
egresos no autorizados,ninas grandes,208.0671884249483,2.599652476554892,toluca,M,ariana
egresos no autorizados,ninas grandes,177.2712340578315,1.713894592744695,toluca,M,ariana
egresos no autorizados,ninas grandes,147.4128967147757,12.50488519982101,toluca,M,ariana
egresos no autorizados,ninas grandes,165.5807356820533,1.618163326397963,toluca,M,ariana
egresos no autorizados,ninas grandes,177.334044133394,3.192055277250611,toluca,M,ariana
egresos no autorizados,ninas grandes,154.467574071338,3.491114551084843,toluca,M,ariana
egresos no autorizados,ninas grandes,131.3269713890772,3.829657810082351,toluca,M,ariana
egresos no autorizados,ninas grandes,198.5008019366277,3.810652210019518,toluca,M,ariana
egresos no autorizados,ninas grandes,167.8148189719088,4.703426838722871,toluca,M,ariana
egresos no autorizados,ninas grandes,143.5256813663143,3.21788454943963,toluca,M,ariana
egresos no autorizados,ninas grandes,117.3615248857994,5.449450726520515,toluca,M,ariana
egresos no autorizados,ninas grandes,166.5278537659273,1.702623839981693,toluca,M,ariana
egresos no autorizados,ninas grandes,176.0789917081114,5.520890427238725,toluca,M,francisco
egresos no autorizados,ninas grandes,143.770129902986,2.684238055934809,toluca,M,ariana
egresos no autorizados,ninas grandes,172.8046202279594,2.26744344176018,toluca,M,ariana
egresos no autorizados,ninas grandes,135.1719666531807,4.300711893145882,toluca,M,ariana
egresos no autorizados,casvh,184.1788444030516,1.498419548497356,toluca,M,ara
egresos no autorizados,ninas grandes,168.0115618257099,1.919097640690634,toluca,M,ariana
egresos no autorizados,ninas grandes,141.3408133684987,4.37366182694851,toluca,M,ariana
egresos no autorizados,ninas grandes,207.3405977992489,1.820670773442847,toluca,M,ariana
egresos no autorizados,villa juvenil,214.1304099258307,0.6073261811481885,toluca,H,francisco
egresos no autorizados,ninas grandes,209.1086033426528,4.625780027646155,toluca,M,ariana
egresos no autorizados,ninas grandes,172.8755925355663,1.04711404152071,toluca,M,ariana
egresos no autorizados,ninas grandes,185.6906065637104,1.707225204665916,toluca,M,ariana
egresos no autorizados,ninas grandes,124.8603930894495,4.644614709916211,toluca,M,ariana
egresos no autorizados,ninas grandes,154.776630391913,3.476204245019749,toluca,M,ariana
egresos no autorizados,ninas grandes,179.4576353320032,1.609871872001883,cuautitlan izcalli,M,ariana
egresos no autorizados,ninas grandes,142.2215027474131,4.069248801313053,toluca,M,ariana
egresos no autorizados,ninas grandes,98.53713051479717,6.663949657721039,toluca,M,ariana
egresos no autorizados,villa juvenil,214.3612576088789,0.7133100603150471,toluca,H,francisco
egresos no autorizados,ninas grandes,121.7954431349499,4.635688341036921,toluca,M,ariana
egresos no autorizados,villa juvenil,190.7369506881188,1.93120013597219,toluca,H,francisco
egresos no autorizados,ninas grandes,167.9437930286197,3.814317424899376,toluca,M,ariana
egresos no autorizados,ninas grandes,116.5983615426655,4.217133477499438,toluca,M,ariana
egresos no autorizados,villa juvenil,199.697321239481,3.287456745724842,toluca,H,francisco
egresos no autorizados,ninas grandes,180.7190245289425,1.495895631227181,cuautitlan izcalli,M,ariana
egresos no autorizados,villa juvenil,199.6409621887037,3.233054606432815,toluca,H,francisco
egresos no autorizados,ninas grandes,139.6632443531828,3.964407939767283,toluca,M,ariana
egresos no autorizados,ninas grandes,132.0583959055832,3.782860624242499,toluca,M,ariana
egresos no autorizados,ninas grandes,140.2128836921614,3.924381651568387,toluca,M,ariana
egresos no autorizados,ninas grandes,206.9583582942582,2.598137131103436,toluca,M,ariana
egresos no autorizados,villa juvenil,156.021403791739,6.048512554768583,toluca,M,ariana
egresos no autorizados,villa juvenil,201.0814426924636,2.322919424035821,zinacantepec,H,francisco
egresos no autorizados,ninas grandes,131.2805265665693,3.873780391464852,toluca,M,ariana
egresos no autorizados,villa juvenil,200.4200668629675,1.042084237561375,zinacantepec,H,francisco
egresos no autorizados,ninas grandes,167.9521612006856,4.267947315972869,toluca,M,ariana
egresos no autorizados,ninas grandes,134.9258852684926,4.000641149722193,toluca,M,ariana
egresos no autorizados,ninas grandes,210.1809514180834,4.632856663368639,toluca,M,ariana
egresos no autorizados,ninas grandes,155.440879449627,6.846653688108913,toluca,M,ariana
egresos no autorizados,ninas grandes,104.863284768869,5.179247400314773,toluca,M,ariana
egresos no autorizados,ninas grandes,168.9632164790658,4.396136595173886,toluca,M,ariana
egresos no autorizados,ninas grandes,174.1411123792098,3.279774992117766,toluca,M,ariana
egresos no autorizados,ninas grandes,175.8831638792361,3.489083153928191,cuautitlan izcalli,M,ariana
egresos no autorizados,villa juvenil,157.2677643661041,4.166051260115761,toluca,M,ariana
egresos no autorizados,villa juvenil,194.8564604984896,4.870165358856993,toluca,M,ariana
egresos no autorizados,ninas grandes,207.6848697472919,1.626473645499965,toluca,M,ariana
egresos no autorizados,ninas grandes,115.9136143738761,4.090191006407878,toluca,M,ariana
egresos no autorizados,ninas grandes,195.4511769097819,5.22859302448515,toluca,M,ariana
egresos no autorizados,ninas grandes,139.2953116692216,4.274147189020297,toluca,M,ariana
egresos no autorizados,ninas grandes,172.7975314917877,2.38933032204686,toluca,M,ariana
egresos no autorizados,casvh,188.0229300125318,3.086458072256268,toluca,M,ara
egresos no autorizados,ninas grandes,204.0881628397508,1.773393509146953,toluca,M,ariana
egresos no autorizados,villa juvenil,200.280805999669,2.395420400506135,zinacantepec,H,francisco
egresos no autorizados,casvh,184.440085538997,0.997707371268711,toluca,M,francisco
egresos no autorizados,villa juvenil,201.590300599318,5.246319123665948,zinacantepec,H,francisco
egresos no autorizados,ninas grandes,156.9659216190014,3.995341945568126,toluca,M,francisco
egresos no autorizados,ninas grandes,118.6687143499816,6.673580666573791,toluca,M,ariana
egresos no autorizados,ninas grandes,156.8094314935003,5.497820253969043,toluca,M,francisco
egresos no autorizados,ninas grandes,208.515211826007,3.413965279830552,toluca,M,ariana
egresos no autorizados,ninas grandes,105.6015988460385,5.30080724458891,toluca,M,ariana
egresos no autorizados,ninas grandes,173.1811197196124,1.10193417782091,toluca,M,ariana
egresos no autorizados,villa juvenil,195.0367483244144,1.185070992582396,toluca,H,francisco
egresos no autorizados,ninas grandes,156.9585888710549,3.977519294309058,toluca,M,ariana
egresos no autorizados,ninas grandes,178.115102614436,2.035912214917218,cuautitlan izcalli,M,ariana
egresos no autorizados,ninas grandes,175.0168139926539,3.661982258818858,toluca,M,ariana
egresos no autorizados,casvh,184.4498758116579,1.269532400084608,toluca,M,ara
egresos no autorizados,ninas grandes,170.9483634914467,4.728469866004781,toluca,M,ariana
egresos no autorizados,ninas grandes,141.3776126116701,5.435174725627723,toluca,M,ariana
egresos no autorizados,ninas grandes,188.3627428646566,2.66575488404658,toluca,M,ariana
egresos no autorizados,ninas grandes,141.952414387241,3.797704115965747,toluca,M,ariana
egresos no autorizados,ninas grandes,168.032162052085,2.113655842848471,toluca,M,ariana
egresos no autorizados,villa juvenil,215.9844381491004,4.035888993065806,toluca,H,francisco
egresos no autorizados,ninas grandes,134.4267976545564,4.586360009285205,toluca,M,ariana
egresos no autorizados,villa juvenil,215.1636656056091,0.6670904848498709,toluca,H,francisco
egresos no autorizados,ninas grandes,136.853505593581,4.687311636852062,toluca,M,ariana
egresos no autorizados,ninas grandes,153.2601800690758,3.818140891505966,toluca,M,ariana
egresos no autorizados,ninas grandes,143.3040524440626,3.712493589733775,toluca,M,ariana
egresos no autorizados,ninas grandes,138.3366024601623,5.081223819095726,toluca,M,ariana
egresos no autorizados,villa juvenil,199.3407411491342,2.943257908515031,toluca,H,francisco
egresos no autorizados,villa juvenil,202.2260380534663,1.19848341012383,zinacantepec,H,francisco
egresos no autorizados,ninas grandes,136.4257486687987,4.067827940796219,toluca,M,ariana
egresos no autorizados,ninas grandes,161.6690328473923,4.305770012959264,toluca,M,ariana
egresos no autorizados,ninas grandes,140.6718533793253,3.441192007455858,toluca,M,ariana
egresos no autorizados,ninas grandes,167.8651433389319,3.826114878352551,toluca,M,ariana
egresos no autorizados,ninas grandes,206.5961310370169,1.821514197924305,toluca,M,ariana
egresos no autorizados,villa juvenil,193.6398751937922,1.11158076197497,toluca,H,francisco
egresos no autorizados,ninas grandes,133.2678353898806,4.242310771573497,toluca,M,ariana
egresos no autorizados,ninas grandes,174.4886278965196,2.799488727383872,toluca,M,ariana
egresos no autorizados,villa juvenil,201.2811624415259,0.929874174326828,zinacantepec,H,francisco
egresos no autorizados,ninas grandes,118.0207381665777,4.271436033338452,toluca,M,ariana
egresos no autorizados,ninas grandes,121.9569058373774,4.375918551390916,toluca,M,ariana
egresos no autorizados,ninas grandes,129.2396872205263,3.838690085158301,toluca,M,ariana
egresos no autorizados,ninas grandes,114.0822514073178,4.313805865058742,toluca,M,ariana
egresos no autorizados,ninas grandes,184.8431389645763,1.732040218242292,toluca,M,ariana
egresos no autorizados,casvh,186.5101491864187,3.629032100433198,toluca,M,ara
egresos no autorizados,villa juvenil,199.1698038321581,2.02403425928326,zinacantepec,H,francisco
egresos no autorizados,ninas grandes,138.586372766374,4.87095800009099,toluca,M,ariana
egresos no autorizados,ninas grandes,170.1174012259654,4.784739802456041,toluca,M,ariana
egresos no autorizados,villa juvenil,201.3889907595768,4.742493753231743,toluca,H,francisco
egresos no autorizados,ninas grandes,134.8187060076004,4.436128473951656,toluca,M,ariana
egresos no autorizados,ninas grandes,174.3258915265415,2.616674493577364,toluca,M,ariana
egresos no autorizados,ninas grandes,120.4398113886364,6.45637708921068,toluca,M,ariana
egresos no autorizados,casvh,187.2948748958335,2.575458215870399,toluca,M,ara
egresos no autorizados,ninas grandes,165.6502078700021,1.680398828102083,toluca,M,ariana
egresos no autorizados,ninas grandes,153.7905544147844,3.331964407939767,toluca,M,ariana
egresos no autorizados,ninas grandes,204.0246406570842,4.952048019924786,toluca,M,ariana
egresos no autorizados,ninas grandes,195.1747378624484,4.494275722114211,toluca,M,ariana
egresos no autorizados,ninas grandes,144.1216293799375,1.606020609428325,toluca,M,ariana
egresos no autorizados,ninas grandes,206.5528729970275,4.043852741038762,toluca,M,ariana
egresos no autorizados,ninas grandes,122.5263432046949,5.804989937522143,toluca,M,ariana
egresos no autorizados,ninas grandes,156.1735595370219,5.20408662141227,toluca,M,ariana
egresos no autorizados,ninas grandes,169.0562745718721,3.171540497246731,toluca,M,ariana
egresos no autorizados,ninas grandes,115.3778261528905,4.224089038360004,toluca,M,ariana
egresos no autorizados,ninas grandes,168.0173371821106,3.942529396137588,toluca,M,ariana
egresos no autorizados,ninas grandes,166.2828081631483,1.668768855387228,toluca,M,ariana
egresos no autorizados,ninas grandes,175.3019963029304,3.428432202298788,toluca,M,ariana
egresos no autorizados,ninas grandes,181.4807511403914,1.830984008285728,cuautitlan izcalli,M,ariana
egresos no autorizados,ninas grandes,205.3098555911294,1.825985268985914,toluca,M,ariana
egresos no autorizados,ninas grandes,176.4983698126117,3.043231662886258,toluca,M,ariana
egresos no autorizados,ninas grandes,179.5698289808248,1.659496205526415,cuautitlan izcalli,M,ariana
egresos no autorizados,ninas grandes,173.1859453488763,1.103703575217669,toluca,M,ariana
egresos no autorizados,casvh,186.0662139532041,4.087034063810306,toluca,M,ara
egresos no autorizados,ninas grandes,142.1171397733083,6.222666668209059,toluca,M,ariana
egresos no autorizados,villa juvenil,195.2172439276095,4.545384205224648,toluca,H,francisco
egresos no autorizados,ninas grandes,154.1795099267133,2.562156623913931,toluca,M,ariana
egresos no autorizados,casvh,187.5307160421324,2.757349304608145,toluca,M,ara
egresos no autorizados,ninas grandes,108.3126681117732,4.059293005388431,toluca,M,ariana
egresos no autorizados,villa juvenil,212.535010044263,1.822181835981811,toluca,H,francisco
egresos no autorizados,ninas grandes,107.5338921658271,4.659599463721848,toluca,M,ariana
egresos no autorizados,ninas grandes,153.7905544147844,3.331964407939767,toluca,M,ariana
egresos no autorizados,ninas grandes,206.6666294303426,3.721293257178526,toluca,M,ariana
egresos no autorizados,ninas grandes,134.5061748372102,3.953272255902917,toluca,M,ariana
egresos no autorizados,ninas grandes,138.9433487923939,4.570442467982438,toluca,M,ariana
egresos no autorizados,ninas grandes,154.8537341566226,5.883980998402921,toluca,M,ariana
egresos no autorizados,ninas grandes,136.6999405604168,4.606383585337106,toluca,M,ariana
egresos no autorizados,villa juvenil,196.1985869003726,4.045444476140279,toluca,H,francisco
egresos no autorizados,ninas grandes,207.4478534780913,4.105456856917058,toluca,M,ariana
egresos no autorizados,ninas grandes,156.7233687897096,3.555849242961683,toluca,M,ariana
egresos no autorizados,villa juvenil,201.3528883288054,0.3692642601164889,zinacantepec,H,francisco
egresos no autorizados,villa juvenil,200.1333542049574,3.837224028147202,zinacantepec,H,francisco
egresos no autorizados,ninas grandes,206.6875112210699,1.659507165190557,toluca,M,ariana
egresos no autorizados,ninas grandes,135.7207392197125,4.090349075975359,toluca,M,ariana
egresos no autorizados,ninas grandes,143.1224461782587,2.638821220862848,toluca,M,ariana
egresos no autorizados,ninas grandes,165.7693491812336,1.789040790191954,toluca,M,ariana
egresos no autorizados,ninas grandes,178.522629171368,1.71451544340068,toluca,M,ariana
egresos no autorizados,ninas grandes,176.4477828185806,4.503922308217269,toluca,M,ariana
egresos no autorizados,ninas grandes,132.9520227605547,2.825974425081435,toluca,M,ariana
egresos no autorizados,ninas grandes,179.6793885509546,1.589367293537207,cuautitlan izcalli,M,ariana
egresos no autorizados,ninas grandes,208.037290611715,2.545311180880969,toluca,M,ariana
egresos no autorizados,villa juvenil,200.0380476732101,3.730004179931516,toluca,H,francisco
egresos no autorizados,ninas grandes,114.2768545343049,4.094422679095293,toluca,M,ariana
egresos no autorizados,ninas grandes,178.3648654466112,1.713297989485903,toluca,M,ariana
egresos no autorizados,ninas grandes,157.0230582347661,4.508016352770524,toluca,M,francisco
egresos no autorizados,ninas grandes,194.6006480454923,0.7843610226278168,toluca,H,francisco
egresos no autorizados,ninas grandes,131.3427093548124,3.814706742633871,toluca,M,ariana
egresos no autorizados,ninas grandes,143.2335085317202,3.724885721930756,toluca,M,ariana
egresos no autorizados,casvh,185.0203447952137,4.97565468437866,toluca,M,ara
egresos no autorizados,ninas grandes,136.9735639369515,4.750581820154136,toluca,M,ariana
egresos no autorizados,villa juvenil,200.6980738565469,1.196583620228004,zinacantepec,H,francisco
egresos no autorizados,ninas grandes,170.8661254610174,4.547368834887684,toluca,M,ariana
egresos no autorizados,ninas grandes,198.0991305271754,2.269848020066353,toluca,M,ariana
egresos no autorizados,ninas grandes,174.9037589805875,1.813596390829495,cuautitlan izcalli,M,ariana
egresos no autorizados,ninas grandes,202.6939053224583,1.320357939779358,toluca,M,ariana
egresos no autorizados,casvh,185.3911136944563,4.119173818706071,toluca,M,ara
egresos no autorizados,ninas grandes,103.6984301117705,5.335441518893372,toluca,M,ariana
egresos no autorizados,ninas grandes,195.3919029266269,4.755390858805068,toluca,M,ariana
egresos no autorizados,ninas grandes,195.452769075646,5.225582198011439,toluca,M,ariana
egresos no autorizados,ninas grandes,154.0951016736589,3.403555741182654,toluca,M,ariana
egresos no autorizados,casvh,187.414950712508,2.556909918985721,toluca,M,ara
egresos no autorizados,ninas grandes,194.5164160164934,4.733321135249115,toluca,H,francisco
egresos no autorizados,ninas grandes,166.3260501847735,1.745896252848909,toluca,M,ariana
egresos no autorizados,ninas grandes,206.4190182743538,1.821120520375281,toluca,M,ariana
egresos no autorizados,ninas grandes,162.920538189077,5.671217524984321,toluca,M,ariana
egresos no autorizados,ninas grandes,107.7380586876229,4.502221103170912,toluca,M,ariana
egresos no autorizados,ninas grandes,206.7402017669659,1.608336538887698,toluca,M,ariana
egresos no autorizados,ninas grandes,140.0835773928437,4.066057106221234,toluca,M,ariana
egresos no autorizados,ninas grandes,166.0869658990344,1.664386006152128,toluca,M,ariana
egresos no autorizados,ninas grandes,172.9928488650308,2.778605812491734,toluca,M,ariana
egresos no autorizados,ninas grandes,129.3319460547986,3.406572946178931,toluca,M,ariana
egresos no autorizados,villa juvenil,200.7892894494741,2.006165435662028,zinacantepec,H,francisco
egresos no autorizados,villa juvenil,201.3686808278092,5.226966478855515,toluca,H,francisco
egresos no autorizados,ninas grandes,108.6242946610952,3.819080873619392,toluca,M,ariana
egresos no autorizados,ninas grandes,184.850459546036,1.745613796365443,toluca,M,ariana
egresos no autorizados,ninas grandes,200.8027127501045,1.402864328504928,toluca,M,ariana
egresos no autorizados,ninas grandes,180.0174659505624,1.715772139463003,toluca,M,ariana
egresos no autorizados,ninas grandes,206.0918051161475,3.72876012170569,toluca,M,ariana
egresos no autorizados,ninas grandes,139.6632443531828,3.964407939767283,toluca,M,ariana
egresos no autorizados,ninas grandes,195.3085004445187,5.498397878668825,toluca,M,francisco
egresos no autorizados,ninas grandes,206.5200607750868,5.060899700108705,toluca,M,ariana
egresos no autorizados,ninas grandes,156.3381139636306,4.872692290047382,toluca,M,ariana
egresos no autorizados,ninas grandes,121.9977665280011,4.520632034470267,toluca,M,ariana
egresos no autorizados,ninas grandes,204.9293138303308,1.604714771210071,toluca,M,ariana
egresos no autorizados,ninas grandes,178.4173033559046,1.712326917091581,toluca,M,ariana
egresos no autorizados,ninas grandes,199.4907615831664,2.609015325820166,toluca,M,ariana
egresos no autorizados,ninas grandes,204.0454894715588,1.812510763323013,toluca,M,ariana
egresos no autorizados,ninas grandes,77.78038228488666,6.271798763651383,toluca,M,ariana
egresos no autorizados,ninas grandes,154.8463799152802,3.486406967852721,toluca,M,ariana
en juicio,casvh,121.4101772760569,3.549213075181212,michoacan,H,francisco
en juicio,casvh,57.8017628380674,16.60425160254412,cuautitlan izcalli,M,ara
en juicio,casvh,64.20123288377985,13.91786753809749,toluca,M,ara
en juicio,casvh,79.82048957397865,13.17019519716583,toluca,M,david
en juicio,casvh,81.28610619508386,4.726329951524811,toluca,M,david
en juicio,mediana,54.64045185433326,3.101555776131629,toluca,M,paola
en juicio,casvh,212.5696169618838,4.294620533548246,toluca,M,ara
en juicio,maternal,15.07590248038114,1.275113956689717,toluca,M,rene
en juicio,casvh,118.6956412181144,6.397321542324024,zumpango,H,francisco
en juicio,casvh,120.2774214291277,5.622253834727978,teotihuacan,H,ara
en juicio,casvh,215.5810110868758,3.926488177528723,toluca,M,ara
en juicio,casvh,140.4481435206518,7.472541873890405,toluca,H,ara
en juicio,villa juvenil,210.9379941047164,1.60533295654226,zinacantepec,H,francisco
en juicio,casvh,83.02373071391735,10.87796551290195,toluca,M,ara
en juicio,villa juvenil,201.0626191494111,4.962773347669472,zinacantepec,H,francisco
en juicio,mediana,70.46184274509196,4.405839659440941,toluca,M,paola
en juicio,casvh,214.1449458100771,3.742253195965495,toluca,M,ara
en juicio,casvh,133.6413702172621,8.7750882051405,tlanepantla de baz,H,ara
en juicio,mediano,60.58704173037275,15.05780659506936,toluca,M,paola
en juicio,casvh,208.1799630726693,6.665301305242667,toluca,M,ara
en juicio,casvh,79.96218869500989,12.56439967291589,toluca,M,ara
en juicio,casvh,193.5330391039,4.563457494650423,toluca,M,ara
en juicio,casvh,174.7855725760596,4.266361651320732,tlanepantla de baz,M,ara
en juicio,casvh,137.2546563588202,9.82951635062747,ixtapan de la sal,H,ara
en juicio,casvh,144.5064215741195,9.512939420467323,toluca,H,ara
en juicio,villa juvenil,197.6637578728559,5.210130047912389,toluca,H,francisco
en juicio,casvh,232.0467642940347,4.422909087079026,toluca,M,ara
en juicio,villa juvenil,146.9921324931813,9.102062056123293,toluca,H,francisco
en juicio,casvh,110.3148050420325,12.57614340662521,chalco solidaridad,M,ara
en juicio,casvh,147.5384196973943,10.0431616593202,tlanepantla de baz,H,ara
en juicio,villa juvenil,207.6554912160191,1.335431530923505,valle de bravo,H,francisco
en juicio,casvh,175.6910983047864,4.005244443830754,ciudad de mexico,M,ara
en juicio,maternal,12.51970263661085,1.413184703694376,toluca,M,rene
en juicio,casvh,209.6929925089566,2.216968116774445,toluca,M,ara
en juicio,casvh,204.4484625086747,5.350668480345544,toluca,M,ara
en juicio,casvh,181.6241467230618,6.009018063477605,toluca,M,ara
en juicio,lactantes,5.960607745265167,3.309453227261495,toluca,H,rene
en juicio,mediano,47.03198172716951,1.870089878196457,texcoco,M,paola
en juicio,casvh,214.5929297640325,4.386169583499907,toluca,M,ara
en juicio,casvh,211.1966093825324,4.323285555942483,toluca,M,ara
en juicio,villa juvenil,146.4860354623441,9.625186937811396,toluca,H,francisco
en juicio,casvh,80.03721526756027,13.54344500277864,toluca,M,david
en juicio,casvh,211.6849437420022,4.340079306948448,toluca,M,ara
en juicio,villa juvenil,144.5051881251514,8.028750018219714,toluca,H,francisco
en juicio,casvh,172.1996955839112,8.71743911579549,toluca,H,ara
en juicio,villa juvenil,144.8505523242231,8.865365017694927,toluca,H,francisco
en juicio,mediano,26.27255439980722,2.148972178086751,ecatepec de morelos,M,paola
en juicio,villa juvenil,209.240408797418,1.246584651057315,zinacantepec,H,francisco
en juicio,mediano,20.4138318208358,2.738050106130189,tlanepantla de baz,M,paola
en juicio,casvh,134.3590377176138,10.22109397356052,toluca,H,ara
en juicio,casvh,172.8071886909304,8.19081131227902,toluca,M,ara
en juicio,villa juvenil,58.94585821531074,15.96902595634375,toluca,M,paola
en juicio,casvh,70.70127427945508,12.89720553698786,toluca,M,ara
en juicio,mediano,53.92134813818959,14.68765686146933,toluca,M,paola
en juicio,maternal,13.42206541545461,2.307878662298219,toluca,M,rene
en juicio,casvh,112.7756501612773,13.41550791965116,otumba,H,ara
en juicio,casvh,213.4115400589711,4.626757538486854,toluca,M,ara
en juicio,casvh,78.223925435516,11.93068582064476,toluca,M,david
en juicio,villa juvenil,204.0741329780375,4.365774511141841,toluca,H,francisco
en juicio,casvh,97.59349038854566,7.142774556712144,toluca,M,ara
en juicio,casvh,169.3233577195167,4.399242608066029,toluca,M,ara
en juicio,lactantes,8.3671152978707,2.350961075292647,toluca,M,rene
en juicio,casvh,131.7937666967213,11.95853021483171,toluca,H,ara
en juicio,casvh,211.8538747102972,3.738443114658061,toluca,M,ara
en juicio,casvh,78.73389408320209,13.76232167776221,toluca,M,ara
en juicio,mediano,28.2468077911731,2.31223069480912,tlanepantla de baz,M,paola
en juicio,villa juvenil,197.0144705791634,5.210130047912389,toluca,H,francisco
en juicio,maternal,0.5949315840451331,7.101523751854911,toluca,H,rene
en juicio,mediana,55.58228008778147,4.088785035239531,toluca,M,paola
en juicio,villa juvenil,209.6951850800201,1.422559230031779,toluca,H,francisco
en juicio,villa juvenil,147.0539603689126,8.687815288723453,toluca,H,francisco
en juicio,villa juvenil,214.7311914692323,3.245870604766759,ecatepec de morelos,H,francisco
en juicio,casvh,135.0989495162678,8.277742722742355,ixtapan de la sal,H,ara
en juicio,casvh,212.1888832662444,4.43322452677613,toluca,M,ara
en juicio,casvh,164.2698421173357,6.791231716790684,toluca,H,ara
en juicio,lactantes,1.434023620937533,3.38025517634934,toluca,H,rene
en juicio,casvh,195.3765103948268,5.119192379787414,toluca,M,ara
en juicio,maternal,24.57860955586001,2.677238482513586,ecatepec de morelos,M,rene
en juicio,casvh,174.4870277751897,4.466733867838188,toluca,H,ara
en juicio,lactantes,1.312412434339637,3.014545481093395,toluca,H,rene
en juicio,casvh,245.6644011483482,1.889547115814148,toluca,M,ara
en juicio,villa juvenil,198.4706921661367,4.947613272695032,toluca,H,francisco
en juicio,lactantes,1.07662653165929,2.542204691613224,toluca,H,rene
en juicio,villa juvenil,191.5079862985179,4.698171478096468,toluca,H,francisco
en juicio,mediano,16.25466749289464,0.5831429710887253,ecatepec de morelos,M,paola
en juicio,casvh,83.03961756490689,1.81922401052525,toluca,M,ara
en juicio,casvh,194.7144117290808,4.564267716961276,toluca,M,ara
en juicio,casvh,74.26763631291279,7.870006785498956,toluca,M,ara
en juicio,casvh,253.1021763299493,4.367648256847365,toluca,M,ara
en juicio,villa juvenil,151.612135364547,8.150423190969327,toluca,H,francisco
en juicio,casvh,206.1609303624731,5.019936041940648,toluca,M,ara
en juicio,mediano,27.12369448310089,2.357313488294792,tlanepantla de baz,H,paola
en juicio,casvh,146.9595271595408,9.320517791514522,tlanepantla de baz,H,ara
en juicio,casvh,214.6313242220405,3.94976323855075,toluca,M,ara
en juicio,villa juvenil,144.6979676968107,8.49574191163566,toluca,H,francisco
en juicio,casvh,174.1362794722407,4.488582257432599,toluca,M,ara
en juicio,casvh,170.4794003798077,3.049188158721518,toluca,M,ara
en juicio,casvh,110.0289438445486,10.22737077966995,toluca,M,francisco
en juicio,casvh,79.65108594828911,12.8784445084783,toluca,M,ara
en juicio,villa juvenil,209.0937715855406,1.022722062150915,zumpango,H,francisco
en juicio,villa juvenil,146.9092038076278,7.756522127986996,toluca,H,francisco
en juicio,casvh,213.6629384886851,4.069129652394169,toluca,M,ara
en juicio,casvh,210.1518219175447,4.090989531615582,toluca,M,ara
en juicio,casvh,210.5543039893396,4.21445266776372,toluca,M,ara
en juicio,casvh,209.2799792008563,3.214984721834328,toluca,M,ara
en juicio,casvh,213.5897580177119,4.753183637031855,toluca,M,ara
en juicio,casvh,196.8505105614688,5.092869620662195,toluca,M,ara
en juicio,casvh,201.284626776654,3.867071262519961,toluca,M,ara
en juicio,maternal,0.9489674698260894,10.41033186802701,toluca,H,rene
en juicio,villa juvenil,210.2892114350029,1.637629451597135,toluca,H,francisco
en juicio,mediano,26.96441608548477,2.113197781379799,tlanepantla de baz,M,paola
en juicio,casvh,122.4763761547749,2.41400002316032,chalco solidaridad,M,ara
en juicio,villa juvenil,188.1995002035233,6.344508816563938,zumpango,H,francisco
en juicio,casvh,207.9395332254228,4.541301400180763,toluca,M,ara
en juicio,casvh,209.2755745014107,3.791604997769793,toluca,M,ara
en juicio,casvh,211.1164588953371,4.317174791847807,toluca,M,ara
en juicio,villa juvenil,176.1093551399042,3.991818764984525,toluca,H,francisco
en juicio,mediano,36.31833223847257,1.51762099154553,tlanepantla de baz,H,paola
en juicio,casvh,206.9795361617591,5.229996500272565,toluca,M,ara
en juicio,lactantes,2.830790206441729,1.504734232819241,toluca,M,rene
en juicio,casvh,109.8745752169589,12.7181962573339,toluca,M,ara
en juicio,lactantes,10.33913784713548,3.715466774817842,toluca,M,rene
en juicio,casvh,178.1675100114385,4.682016348538085,zumpango,M,ara
en juicio,casvh,107.464947091237,10.14754597438192,otumba,H,francisco
en juicio,lactantes,2.987641014589541,2.997892802954535,toluca,H,rene
en juicio,casvh,175.0941229706971,4.177388124824741,zumpango,M,ara
en juicio,casvh,118.2181270501766,6.898332439160392,zumpango,M,ara
en juicio,villa juvenil,147.9719844881699,10.07154983014479,toluca,H,francisco
en juicio,lactantes,8.020913495527088,3.162993888316297,toluca,M,rene
en juicio,villa juvenil,140.3872006876863,8.917267772674299,toluca,H,francisco
en juicio,maternal,23.6166033574507,2.97724557016185,ecatepec de morelos,M,rene
en juicio,villa juvenil,200.2600539306927,4.634709842789727,zinacantepec,H,francisco
en juicio,casvh,142.0955400530925,9.212185009717471,toluca,H,ara
en juicio,casvh,184.19356926213,5.073830774241567,toluca,H,ara
en juicio,casvh,211.8643306699699,7.525796712446224,toluca,M,ara
en juicio,villa juvenil,179.2001975908668,5.50391184727258,toluca,H,francisco
en juicio,casvh,209.2749376182766,3.228148854125748,toluca,M,ara
en juicio,casvh,189.8371235722766,4.915261378866311,ciudad de mexico,M,ara
en juicio,mediano,36.57982835025468,0.9643334867382669,toluca,H,paola
en juicio,maternal,2.194205000355258,3.962185266386737,toluca,H,rene
en juicio,mediano,51.71909994260231,9.216858245679214,toluca,M,paola
en juicio,casvh,215.5018376208841,4.103672648643343,toluca,M,ara
en juicio,casvh,109.6039599669313,9.87575241414225,cuautitlan izcalli,H,francisco
en juicio,casvh,174.1392508333774,5.594733143360756,toluca,M,ara
en juicio,casvh,182.4070470173688,5.59252982101895,toluca,H,ara
en juicio,lactantes,1.698319768483217,3.923354933167177,toluca,H,rene
en juicio,lactantes,0.03694247906614152,4.325314170031942,toluca,H,rene
en juicio,villa juvenil,187.7037060598239,5.696416183316519,zumpango,H,francisco
en juicio,lactantes,10.54848577616468,3.499975611446303,toluca,M,rene
en juicio,casvh,206.4964590894125,4.559735681563348,toluca,M,ara
en juicio,casvh,142.5775870777232,9.291782280759875,toluca,H,ara
en juicio,casvh,68.141711307509,2.793529782457422,toluca,M,paola
en juicio,casvh,173.1458978004536,4.931612061631895,toluca,H,ara
en juicio,casvh,256.9817842661764,1.224314030763237,toluca,M,ara
en juicio,casvh,213.8829225849919,4.237424662142649,toluca,M,ara
en juicio,lactantes,1.494610497440831,3.659838366880185,toluca,H,rene
en juicio,villa juvenil,146.3087747975378,9.890877854169538,toluca,H,francisco
en juicio,casvh,208.5101742231648,4.268536679378583,toluca,H,ara
en juicio,casvh,122.5462012320328,2.357289527720739,chimalhuacan,H,francisco
en juicio,casvh,163.669447142082,6.794997635094247,toluca,H,ara
en juicio,villa juvenil,146.7106041950306,7.727283851687964,toluca,H,francisco
en juicio,mediana,59.95325393477579,15.40969881491386,toluca,M,paola
en juicio,casvh,195.1543344368175,4.879890358348259,toluca,M,ara
en juicio,lactantes,1.003806719454867,2.073271052196271,toluca,H,rene
en juicio,casvh,206.2188727044372,4.76764542797181,toluca,M,ara
en juicio,casvh,210.9386444066155,6.718130738278088,toluca,M,ara
en juicio,villa juvenil,160.2441563885353,6.865997120059924,toluca,H,francisco
en juicio,casvh,222.7065609875054,3.666274401643904,toluca,M,ara
en juicio,casvh,190.4288252039477,5.185329932119395,toluca,H,ara
en juicio,villa juvenil,204.0676467220617,4.380317386056943,zinacantepec,H,francisco
en juicio,casvh,192.729390006199,6.270392162914198,toluca,M,ara
en juicio,lactantes,1.563554834440629,1.899083701728674,toluca,M,rene
en juicio,casvh,69.96039271260815,13.09903291434961,toluca,M,ara
en juicio,mediano,32.57430109018249,1.183110496182358,tlanepantla de baz,H,paola
en juicio,villa juvenil,176.1676686496799,4.554127609250028,toluca,H,francisco
en juicio,villa juvenil,144.3617984289155,7.681400840268875,toluca,H,francisco
en juicio,casvh,212.8353786859637,4.467929768403928,toluca,M,ara
en juicio,lactantes,7.567998180449855,3.072067707637913,toluca,M,rene
en juicio,casvh,173.3961368480925,3.885280701887865,toluca,M,ara
en juicio,casvh,183.2038399734527,6.409961283134609,ciudad de mexico,M,ara
en juicio,casvh,131.3232430457446,10.11725820255149,toluca,H,ara
en juicio,mediano,30.99437958603795,1.412453940332373,ecatepec de morelos,M,paola
en juicio,mediana,64.87711604971304,1.957144965525937,toluca,M,paola
en juicio,villa juvenil,198.0194448588537,4.99446897854387,toluca,H,francisco
en juicio,casvh,191.6375542435374,8.364128578646033,toluca,M,ara
en juicio,villa juvenil,186.2659494810473,4.278129224877444,zinacantepec,H,francisco
en juicio,casvh,186.3845131411918,5.693249596004072,ciudad de mexico,M,ara
en juicio,casvh,200.5071872658507,3.258076979057343,toluca,M,ara
en juicio,casvh,173.3167689287636,8.572426490387937,toluca,M,ara
en juicio,casvh,168.4974465567798,5.40019662430448,toluca,H,ara
en juicio,maternal,5.35060128752328,2.100467766983749,toluca,H,rene
en juicio,lactantes,8.15723873325972,2.523384536254135,toluca,M,rene
en juicio,lactantes,5.127822329681345,0.8849529276621771,toluca,M,rene
en juicio,casvh,208.831907272781,5.157493412384923,toluca,M,ara
en juicio,casvh,116.1633702851068,10.41835362531466,cuautitlan izcalli,H,ara
en juicio,casvh,212.3549267310184,4.454131626632756,toluca,M,ara
en juicio,casvh,130.7823313255977,11.63170849636408,michoacan,H,ara
en juicio,casvh,84.3341840319987,2.262174189413657,toluca,M,ara
en juicio,casvh,190.8796904942426,6.498346523572528,toluca,H,ara
en juicio,intermedias,67.3536345407254,2.468543437988655,toluca,M,paola
en juicio,casvh,213.3523687054034,4.840033385437389,toluca,M,ara
en juicio,mediano,44.51868638278538,4.638328722561172,texcoco,H,paola
en juicio,lactantes,10.64446788643337,3.550502779250349,toluca,M,rene
en juicio,villa juvenil,147.9211704145166,7.702978086460727,toluca,H,francisco
en juicio,mediana,55.68760336214286,13.02703150189814,toluca,M,paola
en juicio,casvh,191.0378583352316,5.027762192472543,toluca,H,ara
en juicio,maternal,6.758785072732826,3.171126035554342,toluca,H,rene
en juicio,casvh,77.65468811200728,1.790736320402807,toluca,M,ara
en juicio,mediano,23.66617543658467,2.996572230924633,toluca,H,paola
en juicio,maternal,0.1981961793003626,15.81245329081618,toluca,H,rene
en juicio,casvh,211.1431386602526,8.738812147576102,toluca,M,ara
en juicio,villa juvenil,144.4554392355774,7.908237621923896,toluca,H,francisco
en juicio,casvh,139.939431183329,8.476340325214693,toluca,H,ara
en juicio,casvh,113.5988574030032,10.69315290759873,zumpango,M,ara
en juicio,casvh,73.1311477876848,12.88626016082466,toluca,M,ara
en juicio,casvh,188.2034799395709,5.283375744102647,ciudad de mexico,M,ara
en juicio,casvh,212.1431532530609,4.390991474843862,toluca,M,ara
en juicio,casvh,183.2608330955049,6.609327534045262,toluca,M,ara
en juicio,casvh,106.4606315299103,10.62159058577364,teotihuacan,M,ara
en juicio,villa juvenil,175.7285403323559,5.682548870586462,toluca,H,francisco
en juicio,casvh,191.0433763797553,4.666188527898385,toluca,H,ara
en juicio,villa juvenil,144.2933994929181,7.515710314275142,toluca,H,francisco
en juicio,casvh,122.5462012320328,2.357289527720739,chimalhuacan,H,francisco
en juicio,casvh,171.2639083768506,3.181445963561659,toluca,M,ara
en juicio,villa juvenil,144.8816410451761,8.940674764141363,toluca,H,francisco
en juicio,casvh,186.4478244302921,6.593879464807541,ciudad de mexico,M,ara
en juicio,casvh,202.857262442094,5.419812444019225,toluca,M,ara
en juicio,casvh,217.7166871704856,4.019644137472445,toluca,M,ara
sin resolver,mediana,69.50653363018574,1.990417522245038,toluca,M,paola
sin resolver,ninos grandes,147.8596716860969,0.3626460086341996,toluca,M,francisco
sin resolver,ninos grandes,145.9897391738149,0.3253539072496582,chicoloapan,H,francisco
sin resolver,ninas grandes,169.4285811753712,1.041198075488557,toluca,M,ariana
sin resolver,mediana,80.93741978204604,0.5769998732482082,toluca,M,paola
sin resolver,casvh,17.51425242412714,1.27072951964362,xonacatlan,H,rene
sin resolver,intermedios,113.6768761897503,1.209870318777584,toluca,H,david
sin resolver,lactantes,17.70880196009456,0.759774067943856,toluca,H,rene
sin resolver,mediana,70.65911349109659,1.990417522245038,toluca,M,paola
sin resolver,mediana,73.28120874039426,0.6872708328925283,toluca,M,paola
sin resolver,intermedios,118.1977609437675,0.7574579073729788,toluca,H,david
sin resolver,ninos grandes,155.6432717044198,1.468202279898698,toluca,H,francisco
sin resolver,ninas grandes,176.3028500424406,1.067362233443645,texcoco,M,ariana
sin resolver,maternal,39.21775594091843,0.7252706375689406,toluca,M,rene
sin resolver,casvh,192.452948544716,1.44416197038873,toluca,M,ara
sin resolver,maternal,32.5432621312881,0.5627015529567614,toluca,H,rene
sin resolver,ninas grandes,188.3515887880006,1.067720267601818,toluca,M,ariana
sin resolver,mediano,51.90416504960755,0.5931670343137432,toluca,H,paola
sin resolver,mediana,80.35353387117873,0.2456356119566012,toluca,M,paola
sin resolver,mediano,69.5259048006237,0.6768697522946561,toluca,H,paola
sin resolver,ninas grandes,137.6112875195275,1.483110853416724,toluca,M,ariana
sin resolver,mediana,87.20264058876297,0.7076461499059779,toluca,M,paola
sin resolver,villa juvenil,159.9341464943182,0.4465987513336928,toluca,H,francisco
sin resolver,intermedios,113.6169995010122,1.902230122913742,toluca,H,david
sin resolver,ninas grandes,149.2811285958017,0.9911019849418207,tenancingo,M,ariana
sin resolver,casvh,6.4851370972989,1.272413451321868,toluca,H,ara
sin resolver,intermedios,119.4456259733918,0.7446809029798616,toluca,H,david
sin resolver,ninas grandes,176.316922061515,2.778560354407462,toluca,M,francisco
sin resolver,ninas grandes,194.1927012609045,0.6665312597769151,toluca,M,ariana
sin resolver,mediana,71.39559430507973,1.186985767236428,toluca,M,paola
sin resolver,villa juvenil,167.9220579192504,1.043710027844856,texcoco,M,francisco
sin resolver,ninas grandes,194.2228035146853,1.068867452714071,toluca,M,ariana
sin resolver,lactantes,16.3551957317608,1.765260723346431,nezahualcoyotl,H,rene
sin resolver,ninas grandes,133.7206093060533,0.8364826577616303,toluca,M,ariana
sin resolver,intermedias,133.6909309411599,0.9816112155750722,toluca,M,david
sin resolver,villa juvenil,160.7707188617307,1.302682022043108,toluca,H,francisco
sin resolver,lactantes,0.1856343759674552,0.7995434661347366,toluca,M,rene
sin resolver,lactantes,0.6165003970154346,0.5432428980958499,toluca,H,rene
sin resolver,mediano,55.40203313079435,1.945789059210797,toluca,H,paola
sin resolver,intermedios,116.2434815979697,1.103464606038134,toluca,H,david
sin resolver,ninas grandes,174.7256315773008,1.008500233501338,toluca,M,ariana
sin resolver,intermedios,118.1405371460624,1.190708894269133,toluca,H,david
sin resolver,ninas grandes,155.4650916511223,1.430664347322001,toluca,M,francisco
sin resolver,mediano,61.05994359931071,0.4150525599896571,toluca,H,paola
sin resolver,ninos grandes,153.7344863888435,1.066070542066637,toluca,M,ariana
sin resolver,lactantes,1.193071540333025,0.4143668451556531,toluca,H,rene
sin resolver,casvh,201.3593665309388,1.30977810836979,toluca,M,ara
sin resolver,lactantes,0.5134332656215386,0.4640038809566606,toluca,H,rene
sin resolver,intermedias,136.7419756125049,0.6210415895180819,toluca,M,david
sin resolver,ninas grandes,179.9190472097666,0.7786949293293531,toluca,M,ariana
sin resolver,mediana,79.68330983525773,0.2016987029351135,toluca,M,paola
sin resolver,ninas grandes,139.0802114651697,0.7109276740495278,toluca,M,ariana
sin resolver,mediana,75.26977934774301,0.370368967881698,toluca,M,paola
sin resolver,lactantes,17.87548421111183,0.74946844489709,toluca,H,rene
sin resolver,ninos grandes,144.9856262833676,1.040796691591757,toluca,H,francisco
sin resolver,mediano,51.73879491079354,0.6078067822763816,toluca,H,paola
sin resolver,ninas grandes,165.257371735544,0.7161048426249681,texcoco,M,ariana
sin resolver,casvh,5.573952601922934,1.28916684994999,toluca,H,ara
sin resolver,maternal,44.21892642069152,0.395060801421284,toluca,M,rene
sin resolver,ninas grandes,186.6085012912974,0.450585943265135,texcoco,M,ariana
sin resolver,lactantes,0.9094537615088782,0.5867489382368554,toluca,M,rene
sin resolver,intermedias,127.9115804669392,0.809721613097118,toluca,M,david
sin resolver,ninas grandes,159.7368228901552,1.693261179163152,texcoco,M,ariana
sin resolver,ninos grandes,145.0330105066058,0.5143135055580382,chicoloapan,H,francisco
sin resolver,lactantes,1.530865085513815,1.037474077233523,toluca,H,rene
sin resolver,casvh,5.051016505705677,1.343700147395215,toluca,H,ara
sin resolver,ninos grandes,148.4657251929661,0.4706256186257728,toluca,H,francisco
sin resolver,maternal,31.6116337337499,0.6210017747542431,xonacatlan,H,rene
sin resolver,lactantes,6.179334447518983,1.275334200252231,cuautitlan izcalli,M,rene
sin resolver,villa juvenil,177.8569688888739,3.603585440492591,toluca,M,ariana
sin resolver,villa juvenil,177.250209912007,0.966254713717053,toluca,H,francisco
sin resolver,casvh,198.1805483060973,1.414981401346879,toluca,M,ara
sin resolver,ninas grandes,156.9413550160822,1.710699098317798,texcoco,M,ariana
sin resolver,lactantes,1.963779388666671,2.624501638462445,nezahualcoyotl,H,rene
sin resolver,lactantes,0.1772162836654718,0.4666472725866558,toluca,H,rene
sin resolver,intermedios,115.6060955653333,1.311685769122483,toluca,H,david
sin resolver,maternal,32.22043623822621,0.5702682327145501,toluca,H,rene
sin resolver,ninas grandes,158.0843818880609,2.02382820499841,toluca,M,ariana
sin resolver,lactantes,0.8010635318836755,0.3675800856522992,toluca,M,rene
sin resolver,ninas grandes,188.1188236027699,0.9564421746625776,toluca,M,ariana
sin resolver,casvh,4.809705339456439,1.306629489011724,chimalhuacan,H,ara
sin resolver,lactantes,0.2631978669331698,0.5928197044475447,tultitlan,H,rene
sin resolver,casvh,5.78690719856855,1.095343767440313,chimalhuacan,H,ara
sin resolver,lactantes,1.78263359644398,0.3030441172276243,toluca,H,rene
sin resolver,mediana,79.43448034123625,0.3752566558742844,toluca,M,paola
sin resolver,mediana,89.31607143435535,0.9230489895092,toluca,M,paola
sin resolver,ninas grandes,139.1836899179469,0.8014713202295399,toluca,M,ariana
sin resolver,intermedios,116.7402431182068,1.275451766012928,toluca,H,david
sin resolver,castri,157.424398073564,1.468201404198613,tenancingo,M,ariana
sin resolver,mediano,52.2378782558304,3.664355930277751,toluca,H,paola
sin resolver,lactantes,0.886699238420418,0.9604793762181614,toluca,H,rene
sin resolver,mediana,73.43950404554862,0.2981230015559651,toluca,M,paola
sin resolver,intermedios,113.8695544067397,1.22405724228879,toluca,H,david
sin resolver,ninas grandes,155.7522430601759,1.49115972844283,toluca,M,francisco
sin resolver,ninas grandes,138.0679391085282,0.7274173537339275,toluca,M,ariana
sin resolver,villa juvenil,177.5587104714982,1.0505082592561,toluca,H,francisco
sin resolver,ninas grandes,188.0831302857419,1.054310746666439,toluca,M,ariana
sin resolver,ninas grandes,176.6278879655823,0.9967579101168839,toluca,M,ariana
sin resolver,ninas grandes,175.8529723228227,1.398915192831159,toluca,M,ariana
sin resolver,intermedios,118.334260668835,0.4910938605399148,toluca,H,david
sin resolver,ninas grandes,138.8090349075975,0.4736481861738535,tultitlan,M,ariana
sin resolver,intermedios,117.7017752991539,1.218805047623802,toluca,H,david
sin resolver,ninas grandes,136.9708147172239,1.176821253192821,toluca,M,ariana
sin resolver,intermedios,117.8143369745539,0.4820438488261802,toluca,H,david
sin resolver,intermedios,117.7458295334405,0.8607471041861207,toluca,H,david
sin resolver,intermedias,136.7138768191267,0.6951162391497998,toluca,M,david
sin resolver,ninos grandes,151.7888487994537,1.020560591924129,toluca,H,francisco
sin resolver,lactantes,2.740266700535517,1.353915049309649,chimalhuacan,M,rene
sin resolver,lactantes,1.414879470075791,1.346769051734918,toluca,H,rene
sin resolver,ninas grandes,195.6049848484753,1.320242035384277,toluca,M,ara
sin resolver,casvh,198.5023320902852,0.6945186063963675,chimalhuacan,M,ara
sin resolver,mediano,56.3034978863862,0.989273020834716,toluca,H,paola
sin resolver,ninas grandes,138.8090349075975,0.4736481861738535,tultitlan,M,ariana
sin resolver,intermedios,118.3381437598714,0.274829095630684,toluca,H,david
sin resolver,casvh,3.7858717890646,1.008433627370792,toluca,H,ara
sin resolver,lactantes,0.2083517075808963,0.5076580964673071,toluca,H,rene
sin resolver,mediana,89.43549776466229,0.3353528555521662,toluca,M,paola
sin resolver,lactantes,0.2589565339563457,0.5934928040959275,toluca,M,rene
sin resolver,ninas grandes,186.6044833258967,0.4395365384131233,texcoco,M,ariana
sin resolver,lactantes,0.5048956026775373,0.2705932433010899,toluca,M,rene
sin resolver,villa juvenil,162.094597093845,0.7406418539473618,toluca,H,francisco
sin resolver,ninos grandes,145.0032673417259,0.8514027075314917,toluca,H,francisco
sin resolver,lactantes,0.8547089741381172,0.9366390125982564,tultitlan,H,rene
sin resolver,villa juvenil,160.430059620997,0.4391970628757995,toluca,H,francisco
sin resolver,mediana,86.28252685523783,0.3752120144748666,toluca,M,paola
sin resolver,mediana,77.78799246924835,0.1333016462188984,toluca,M,paola
sin resolver,lactantes,0.06340917732438052,0.9225033357459127,toluca,M,rene
sin resolver,mediana,73.14919880896396,0.1529703832636346,toluca,M,paola
sin resolver,maternal,30.98930651870727,0.6728623760077956,toluca,H,rene
sin resolver,casvh,191.093080089651,1.316394590865819,chimalhuacan,M,ara
sin resolver,mediana,75.5344467722984,0.3518899359870655,tecamac,M,paola
sin resolver,ninas grandes,156.2219324493848,1.718759681063357,toluca,M,ariana
sin resolver,ninas grandes,142.5602415735611,1.204535839404791,toluca,M,ariana
sin resolver,casvh,4.117434197337014,1.011800411823323,toluca,H,ara
sin resolver,ninas grandes,155.8848277473626,1.119955355998429,texcoco,M,ariana
sin resolver,intermedias,126.4307272698055,0.9641704699142338,toluca,M,david
sin resolver,lactantes,0.1929615444523908,0.5110781327180861,toluca,H,rene
sin resolver,maternal,15.30113525329075,0.6297534868865937,chalco solidaridad,H,rene
sin resolver,mediana,77.21121967113349,0.2348179543116414,toluca,M,paola
sin resolver,intermedios,112.7756511413674,0.8613998555138859,toluca,H,david
sin resolver,ninos grandes,147.1825876723829,1.045723051201217,toluca,H,francisco
sin resolver,ninas grandes,138.4686817541912,1.030455832164188,toluca,M,ariana
sin resolver,ninas grandes,158.4586567392584,2.077347882456116,toluca,M,ariana
sin resolver,lactantes,0.2623226418621121,0.5855451839305963,toluca,H,rene
sin resolver,lactantes,0.5424748307119357,0.7524563225725516,toluca,M,rene
sin resolver,casvh,200.1406546316952,0.5148614488544677,chimalhuacan,M,ara
sin resolver,lactantes,0.04916916366322771,0.2882959268692444,toluca,M,rene
sin resolver,mediano,50.31097550810897,3.211949558404474,toluca,H,paola
sin resolver,ninas grandes,155.6936196307457,1.05114854321429,toluca,M,ariana
sin resolver,maternal,50.80866886287961,0.5860171246190339,toluca,H,rene
sin resolver,mediano,61.91642928953453,0.3959895571611094,toluca,H,paola
sin resolver,ninas grandes,187.8277728107362,0.8172994714534715,toluca,M,ariana
sin resolver,intermedios,115.1157463437137,0.5627013030448643,toluca,H,david
sin resolver,lactantes,0.108281463751412,0.3706309162777869,toluca,H,rene
sin resolver,ninos grandes,156.4199124105184,1.269903312787302,toluca,M,ariana
sin resolver,intermedios,119.3514711846222,0.9911019849418207,toluca,H,david
sin resolver,mediana,73.06839944045237,0.1624865049933988,toluca,M,paola
sin resolver,lactantes,1.624399504467366,1.841099739102383,atlacomulco,H,rene
sin resolver,mediana,82.89316444342509,0.4121225050260853,toluca,M,paola
sin resolver,mediana,90.56188509416255,0.865034222217881,toluca,M,paola
sin resolver,lactantes,0.3859568968977098,1.774818750772137,tultitlan,H,rene
sin resolver,mediano,52.24197442689104,3.68551948075774,toluca,H,paola
sin resolver,ninas grandes,137.8385368872011,0.8059702355823246,morelos,M,ariana
sin resolver,lactantes,14.23586993795779,0.634813379673437,tecamac,H,rene
sin resolver,ninas grandes,187.1321906086749,0.6701448988658054,toluca,M,ariana
sin resolver,ninas grandes,179.9796703414798,0.7732728970973735,toluca,M,ariana
sin resolver,casvh,198.4461520359401,1.330670158308421,chimalhuacan,M,ara
sin resolver,intermedios,116.8496469718883,0.4654579424923984,toluca,H,david
sin resolver,lactantes,0.2316924336779265,0.6468850004744986,toluca,M,rene
sin resolver,ninos grandes,145.0385622975609,0.451393208067366,chicoloapan,H,francisco
sin resolver,lactantes,0.2628336755646817,0.5327164376916369,toluca,H,rene
sin resolver,casvh,2.69548750820378,0.6187222084705356,toluca,H,ara
sin resolver,mediano,58.35598577731355,0.1576010780129168,toluca,H,paola
sin resolver,lactantes,0.0372154553508984,0.3593383133160471,toluca,M,rene
sin resolver,villa juvenil,173.1375474747182,0.7025637298933556,toluca,H,francisco
sin resolver,intermedias,127.0193822826966,0.8502372416127131,toluca,M,david
sin resolver,intermedias,132.4960341110326,0.9307174616992776,tultitlan,M,david
sin resolver,lactantes,2.186966936900174,0.2946121138708589,toluca,H,rene
sin resolver,maternal,42.07544401314649,0.537867239554469,toluca,H,rene
sin resolver,casvh,3.605378637145289,1.33414770667206,toluca,H,ara
sin resolver,intermedias,119.056544084321,1.127222889769127,toluca,M,david
sin resolver,casvh,200.0939536896718,0.5056083484535683,chimalhuacan,M,ara
sin resolver,intermedias,126.3739486477251,0.9751598806394572,toluca,M,david
sin resolver,intermedias,136.0104757869758,0.7694690328167546,toluca,M,david
sin resolver,mediano,64.12888772223067,0.8914566950138028,toluca,H,paola
sin resolver,mediano,61.90864927669239,0.3762467452636438,toluca,H,paola
sin resolver,maternal,29.63623854073644,0.7008898015058179,chalco solidaridad,H,rene
sin resolver,lactantes,0.2078704456408481,0.5077650435650956,toluca,H,rene
sin resolver,lactantes,0.05783039477100934,0.8025595108484325,toluca,M,rene
sin resolver,mediana,87.58010428122677,0.4989029378608025,toluca,M,paola
sin resolver,ninos grandes,144.9976421189065,0.9151552328181038,toluca,H,francisco
sin resolver,intermedios,115.4911390229368,0.7153487054412383,toluca,H,david
sin resolver,intermedias,128.5139515055867,0.9683236787362001,toluca,M,david
sin resolver,maternal,33.45372585439039,0.587906529448802,toluca,M,rene
sin resolver,ninas grandes,183.5026768514512,0.6420818679561058,toluca,M,ariana
sin resolver,lactantes,1.090336638848516,0.3356749635605888,toluca,M,rene
sin resolver,mediano,53.6629108675286,3.79111726221797,toluca,H,paola
sin resolver,lactantes,0.3365144312610264,0.4862755781899875,toluca,H,rene
sin resolver,lactantes,0.1630311449185555,0.4468894007605939,toluca,M,rene
sin resolver,villa juvenil,175.7460097439389,2.155452599728264,toluca,M,francisco
sin resolver,mediana,78.08447772372854,0.1492883608461589,toluca,M,paola
sin resolver,ninas grandes,180.6442312283771,0.8095149751047723,toluca,M,ariana
sin resolver,maternal,18.10323360409078,0.6890771907098378,toluca,H,rene
sin resolver,mediana,79.60627565472542,0.5775438891214902,toluca,M,paola
sin resolver,lactantes,0.6209270087456359,0.7624157860081453,toluca,H,rene
sin resolver,ninos grandes,148.8340191574393,0.3957526698043125,toluca,H,francisco
sin resolver,ninas grandes,144.0063689238214,0.9911019849418207,toluca,M,ariana
sin resolver,ninos grandes,156.4344201047055,1.634876802430818,toluca,M,ariana
sin resolver,ninos grandes,155.7926713313297,1.499676920399398,chicoloapan,H,francisco
sin resolver,mediana,88.71290504578414,0.4360590247061618,toluca,M,paola
sin resolver,ninos grandes,147.9981213687772,0.5569454914924074,chicoloapan,H,francisco
sin resolver,intermedias,126.7648423228297,0.8995030402966406,toluca,M,david
sin resolver,intermedios,117.642004101883,1.22263250148413,toluca,H,david
sin resolver,intermedias,119.0982686674437,1.144872069739562,toluca,M,david
sin resolver,casvh,197.0033559782082,1.605306203527643,chimalhuacan,M,ara
sin resolver,casvh,2.812071098185817,1.357973990417522,toluca,H,ara
sin resolver,ninas grandes,179.8841547161327,0.7818156560188304,toluca,M,ariana
sin resolver,ninos grandes,156.4398487363994,1.63602047483823,toluca,M,ariana
sin resolver,mediana,73.15528845332281,0.1374265768985211,toluca,M,paola
sin resolver,mediano,49.74701274735979,2.745337512308425,toluca,H,rene
sin resolver,intermedias,121.8613761938393,0.9911019849418207,toluca,M,david
sin resolver,mediana,98.4027121521088,2.595912252906796,toluca,M,paola
sin resolver,ninas grandes,187.7730330308379,0.9290359498483187,toluca,M,ariana
sin resolver,intermedias,126.4796076003221,0.9915628341856748,tultitlan,M,david
sin resolver,villa juvenil,175.7189646726242,2.346740135381214,toluca,M,francisco
sin resolver,intermedios,110.8826945707326,1.321455838111613,toluca,H,david
sin resolver,mediana,73.62332944348749,0.2123131353248694,toluca,M,paola
sin resolver,ninas grandes,193.0656714374018,0.8796687962353344,toluca,M,ariana
sin resolver,mediana,72.12196712349163,1.500756363258513,toluca,M,paola
situacion juridica resuelta,mediano,38.4350533305746,2.242336785078255,tlanepantla de baz,H,paola
situacion juridica resuelta,castri,85.82074751630806,7.403627689917315,atizapan de zaragosa,H,david
situacion juridica resuelta,casvh,81.87286488518352,12.94023055551718,atizapan de zaragosa,H,francisco
situacion juridica resuelta,maternal,53.71997926893463,0.3864311713972952,toluca,H,paola
situacion juridica resuelta,lactantes,5.384875550985552,3.674428853541346,toluca,M,rene
situacion juridica resuelta,lactantes,0.7173870839205103,1.645750367628864,toluca,H,rene
situacion juridica resuelta,ninos grandes,103.5291826830503,5.852497479214519,chalco solidaridad,H,francisco
situacion juridica resuelta,castri,80.86150011756425,3.416083879864326,toluca,M,david
situacion juridica resuelta,castri,8.969882594501183,17.94251406704226,toluca,H,miguel angel
situacion juridica resuelta,ninos grandes,106.0998312612846,5.997189096886078,toluca,H,francisco
situacion juridica resuelta,casvh,142.3157355844494,5.623026331859137,toluca,M,ara
situacion juridica resuelta,castri,13.64766963148463,11.95858882242925,toluca,H,miguel angel
situacion juridica resuelta,mediano,31.06524938201638,4.093088920350718,nextlalpan,H,paola
situacion juridica resuelta,casvh,133.9437117782598,4.771542928532226,toluca,M,ara
situacion juridica resuelta,lactantes,0.7233719380150045,3.603315268692396,toluca,H,rene
situacion juridica resuelta,intermedios,55.3252238590826,5.689809219771027,toluca,H,david
situacion juridica resuelta,casvh,168.9350558604802,3.665381511267579,toluca,M,ara
situacion juridica resuelta,casvh,134.5376726255324,4.863903185810333,toluca,M,ara
situacion juridica resuelta,castri,46.64004380567594,18.8206192900866,ecatepec de morelos,H,miguel angel
situacion juridica resuelta,casvh,168.9758347613331,9.519807268642598,toluca,M,ara
situacion juridica resuelta,casvh,135.4880637450738,4.138435340734014,toluca,M,ara
situacion juridica resuelta,villa juvenil,152.6374099153825,2.898992622744816,toluca,H,francisco
situacion juridica resuelta,casvh,198.6700066221905,7.027303143072197,toluca,M,ara
situacion juridica resuelta,villa juvenil,120.1092196736437,1.684480556978408,toluca,M,ara
situacion juridica resuelta,castri,15.49613598806019,7.185026803798104,toluca,H,miguel angel
situacion juridica resuelta,casvh,121.5608168393086,3.542494512604752,toluca,M,ara
situacion juridica resuelta,lactantes,0.9369730511554134,1.463415186573349,toluca,H,rene
situacion juridica resuelta,intermedios,85.47003100367343,3.426187052301618,atizapan de zaragosa,H,david
situacion juridica resuelta,casvh,131.6579349420291,2.172316068840557,toluca,M,ara
situacion juridica resuelta,castri,38.70410709678931,19.61989242515007,zumpango,M,miguel angel
situacion juridica resuelta,mediano,36.37226703111166,3.757011439042172,los reyes la paz,H,paola
situacion juridica resuelta,castri,57.02957134762359,9.40087559885572,chimalhuacan,H,miguel angel
situacion juridica resuelta,mediano,32.46561322965038,17.20845688633316,atlacomulco,H,paola
situacion juridica resuelta,casvh,188.6325254798291,1.642291605199278,toluca,M,ara
situacion juridica resuelta,casvh,131.4952329637715,2.522832911354444,toluca,M,ara
situacion juridica resuelta,casvh,77.17642256858262,12.43415719764299,toluca,M,ara
situacion juridica resuelta,casvh,197.5955433243403,1.960094996806311,toluca,M,ara
situacion juridica resuelta,casvh,131.1218187265997,4.9614744989991,toluca,M,ara
situacion juridica resuelta,intermedios,55.44501695452148,5.684364079069258,toluca,H,david
situacion juridica resuelta,castri,1.745706239142744,9.390081430973979,ecatepec de morelos,H,miguel angel
situacion juridica resuelta,casvh,120.3062698417482,5.247805943900828,toluca,M,francisco
situacion juridica resuelta,lactantes,0.429074030517395,2.045184077031097,toluca,H,rene
situacion juridica resuelta,intermedios,85.53541286511563,5.0273221496769,toluca,H,david
situacion juridica resuelta,casvh,80.50947608544467,15.47999986466603,tlanepantla de baz,H,francisco
situacion juridica resuelta,casvh,133.9330371510161,4.741574505876591,toluca,M,ara
situacion juridica resuelta,casvh,151.3005658916136,8.998698443564232,villa victoria,H,francisco
situacion juridica resuelta,casvh,197.8511967495264,4.608345309997614,jocotitlan,M,ara
situacion juridica resuelta,lactantes,3.142249657060764,2.722863671869721,toluca,H,rene
situacion juridica resuelta,casvh,199.9268295624075,1.203756003856741,toluca,M,ara
situacion juridica resuelta,casvh,167.0895298500086,3.778112089542882,toluca,M,ara
situacion juridica resuelta,casvh,133.0137946233304,2.117373820245807,toluca,M,ara
situacion juridica resuelta,casvh,120.7881460714435,1.806322720693244,toluca,M,ara
situacion juridica resuelta,mediano,14.84684327606807,3.430903176542751,toluca,M,paola
situacion juridica resuelta,casvh,122.3227765422769,4.346029876853625,toluca,M,ara
situacion juridica resuelta,castri,28.581102053385,12.84672452149764,toluca,H,miguel angel
situacion juridica resuelta,castri,36.24793622411791,18.47194200818055,atlacomulco,H,miguel angel
situacion juridica resuelta,casvh,128.9803244930472,4.009718932984843,toluca,M,francisco
situacion juridica resuelta,mediano,54.55521799882066,1.914695738030901,toluca,H,paola
situacion juridica resuelta,villa juvenil,119.5719839125239,4.865604019697218,tlatlaya,H,francisco
situacion juridica resuelta,mediano,26.24178450127833,4.408173037963361,toluca,H,paola
situacion juridica resuelta,casvh,131.4416801511964,1.693401831435014,toluca,M,ara
situacion juridica resuelta,casvh,134.0278663063089,4.537691821997062,toluca,M,ara
situacion juridica resuelta,lactantes,5.010623987578865,3.235755389898273,toluca,H,rene
situacion juridica resuelta,casvh,131.2051677081785,3.89946822787116,toluca,M,ara
situacion juridica resuelta,casvh,77.88003150547935,13.12234375782015,tultepec,M,ara
situacion juridica resuelta,maternal,53.02669404517454,0.3230663928815879,toluca,H,paola
situacion juridica resuelta,castri,31.13906582337849,11.45869043750509,tlanepantla de baz,H,miguel angel
situacion juridica resuelta,intermedios,85.74667801273324,6.846783743399529,toluca,H,david
situacion juridica resuelta,casvh,212.336146861561,1.022847321247535,jocotitlan,M,ara
situacion juridica resuelta,casvh,119.9566654068157,3.013203704534654,toluca,M,francisco
situacion juridica resuelta,villa juvenil,135.4907597535934,6.94015069309982,tlanepantla de baz,H,francisco
situacion juridica resuelta,casvh,171.5456278838133,4.216335589281786,toluca,M,ara
situacion juridica resuelta,villa juvenil,82.8698265743812,15.78996871729193,atizapan de zaragosa,H,francisco
situacion juridica resuelta,castri,10.63990219101232,19.44762890931802,toluca,H,miguel angel
situacion juridica resuelta,casvh,196.0913756711338,5.741543035969513,toluca,M,ara
situacion juridica resuelta,castri,90.24151030681914,5.157099335301706,atizapan de zaragosa,H,david
situacion juridica resuelta,casvh,167.7370145975834,3.87619190847954,nextlapan,M,ara
situacion juridica resuelta,casvh,122.4005594905591,5.544038984406784,toluca,M,ara
situacion juridica resuelta,lactantes,0.9199178644763859,4.635181382614648,toluca,H,rene
situacion juridica resuelta,ninos grandes,132.1350862731476,3.916339567931251,acambay,H,francisco
situacion juridica resuelta,casvh,175.7450851465341,2.133085348447679,toluca,M,ara
situacion juridica resuelta,ninos grandes,106.169780838191,4.559258159002352,toluca,H,francisco
situacion juridica resuelta,castri,51.59988189899454,15.04348927377779,nezahualcoyotl,H,miguel angel
situacion juridica resuelta,maternal,15.71057012526061,3.741899164695413,toluca,M,rene
situacion juridica resuelta,mediano,36.25327265744542,4.230916735955919,toluca,M,paola
situacion juridica resuelta,lactantes,3.919264410803913,3.103131373092591,toluca,H,rene
situacion juridica resuelta,mediano,56.84659196164404,2.267899010287578,toluca,H,rene
situacion juridica resuelta,casvh,119.7222232682202,1.836514859109034,toluca,M,francisco
situacion juridica resuelta,casvh,136.2816436665415,5.089973505941136,toluca,M,ara
situacion juridica resuelta,castri,75.85946532514467,11.39899935534893,toluca,H,miguel angel
situacion juridica resuelta,casvh,119.7501493039147,4.826115482233944,toluca,M,francisco
situacion juridica resuelta,castri,48.4404437183379,17.69055176080872,zumpango,M,miguel angel
situacion juridica resuelta,mediano,56.11086269879969,2.27267145417603,toluca,H,rene
situacion juridica resuelta,intermedios,53.13516363866805,4.877813871492058,atlacomulco,H,david
situacion juridica resuelta,villa juvenil,119.7602947758838,6.794194659915297,toluca,H,francisco
situacion juridica resuelta,ninos grandes,105.3350923553562,6.776750584795129,toluca,H,francisco
situacion juridica resuelta,casvh,175.291448390105,3.740226895417644,toluca,M,ara
situacion juridica resuelta,castri,15.80024800812426,12.65647698772415,toluca,H,miguel angel
situacion juridica resuelta,casvh,151.199205088876,3.412776450616859,ixtlahuaca,M,ara
situacion juridica resuelta,ninos grandes,106.2071652961754,4.321082616457807,toluca,H,francisco
situacion juridica resuelta,castri,44.6365287521484,19.92419330713227,toluca,M,miguel angel
situacion juridica resuelta,villa juvenil,127.2515610788121,2.597266317802475,lerma,H,francisco
situacion juridica resuelta,maternal,15.1195709904631,3.529102306411403,toluca,M,paola
situacion juridica resuelta,mediano,39.42445130814572,4.219769915546024,toluca,H,paola
situacion juridica resuelta,intermedios,54.73511293634498,4.628767178104225,ecatepec de morelos,H,david
situacion juridica resuelta,villa juvenil,132.3180059143823,3.960001291341547,tlanepantla de baz,H,francisco
situacion juridica resuelta,mediano,54.40755580795724,0.4020709215980116,toluca,H,paola
situacion juridica resuelta,maternal,5.144328217773403,3.227562728734392,toluca,M,rene
situacion juridica resuelta,casvh,130.6961898593629,4.493134352309206,toluca,M,ara
situacion juridica resuelta,casvh,205.0481361251756,1.724388857340407,jocotitlan,M,ara
situacion juridica resuelta,castri,36.58566370713284,15.77387008643006,melchor ocampo,M,miguel angel
situacion juridica resuelta,lactantes,0.9473733016989384,4.650053077776864,toluca,H,rene
situacion juridica resuelta,lactantes,3.605591903008219,4.372141787676005,naucalpan de juarez,M,rene
situacion juridica resuelta,ninos grandes,102.3092439837549,7.169032863537382,coacalco de berriozabal,H,francisco
situacion juridica resuelta,casvh,195.112514067882,6.722496223843607,toluca,M,ara
situacion juridica resuelta,casvh,201.2902980158059,2.456399191891783,toluca,M,ara
situacion juridica resuelta,lactantes,3.164722989688777,2.875133084598451,toluca,H,rene
situacion juridica resuelta,villa juvenil,128.7575954475738,5.424508473227878,tlatlaya,H,francisco
situacion juridica resuelta,casvh,130.5567056423376,4.917398845760974,toluca,M,ara
situacion juridica resuelta,castri,55.34717687713356,3.811618820873759,toluca,H,miguel angel
situacion juridica resuelta,casvh,170.0965224995244,2.949037709315563,toluca,M,ara
situacion juridica resuelta,villa juvenil,123.0682308053672,4.154150747392284,tonatico,H,francisco
situacion juridica resuelta,lactantes,2.12346760880138,2.560499006091826,toluca,H,rene
situacion juridica resuelta,castri,52.3457283127115,5.080447453071293,ecatepec de morelos,H,miguel angel
situacion juridica resuelta,casvh,196.2048759661327,7.010115913518066,toluca,M,ara
situacion juridica resuelta,castri,36.82252636277173,16.04626918646836,tlanepantla de baz,M,miguel angel
situacion juridica resuelta,casvh,197.6443028785936,0.600742863560443,toluca,M,ara
situacion juridica resuelta,casvh,133.4545417712486,2.895575602772473,toluca,M,ara
situacion juridica resuelta,lactantes,0.9199178644763859,4.635181382614648,toluca,H,rene
situacion juridica resuelta,castri,2.507139952887187,13.77442651668518,ecatepec de morelos,H,miguel angel
situacion juridica resuelta,casvh,223.1101724564265,0.5944166523300468,huehuetoca,M,ara
situacion juridica resuelta,villa juvenil,127.2063421022819,2.582395196056691,tlatlaya,H,francisco
situacion juridica resuelta,villa juvenil,133.8786442830149,8.079107726426454,tlanepantla de baz,H,francisco
situacion juridica resuelta,intermedios,80.96380560769353,2.435481166162573,toluca,H,david
situacion juridica resuelta,lactantes,1.355625078541961,5.085143627724316,toluca,H,rene
situacion juridica resuelta,mediano,54.56378048225547,0.4305590403181849,toluca,H,paola
situacion juridica resuelta,casvh,121.1263926070306,3.729587996541052,toluca,M,ara
situacion juridica resuelta,mediano,35.92485317422615,7.092319256720428,toluca,M,paola
situacion juridica resuelta,casvh,197.6741012824313,1.098821306746852,toluca,M,ara
situacion juridica resuelta,mediano,38.25252411048474,2.233551461889758,los reyes la paz,H,paola
situacion juridica resuelta,casvh,171.0328466875993,7.811028316219614,toluca,M,miguel angel
situacion juridica resuelta,casvh,204.3760478318208,7.553767465589559,huehuetoca,M,ara
situacion juridica resuelta,castri,37.80869097747134,15.95850584584106,toluca,M,miguel angel
situacion juridica resuelta,villa juvenil,119.5319068450729,4.866410167605717,toluca,M,francisco
situacion juridica resuelta,mediano,39.26941596332566,3.939844987398679,toluca,H,paola
situacion juridica resuelta,casvh,121.9870101186016,5.521568774129024,toluca,H,francisco
situacion juridica resuelta,casvh,210.597416195056,1.175836192741693,toluca,M,ara
situacion juridica resuelta,casvh,120.8668661962545,1.982787000477905,toluca,M,ara
situacion juridica resuelta,casvh,142.2867749495001,5.560841412926322,toluca,M,ara
situacion juridica resuelta,casvh,164.8134559385801,2.445259607634661,toluca,H,ara
situacion juridica resuelta,casvh,129.7095424208371,5.103330427616807,toluca,M,francisco
situacion juridica resuelta,casvh,167.4922161996291,2.962445994668867,toluca,M,ara
situacion juridica resuelta,castri,43.17373407551109,19.10491884338374,atlacomulco,M,miguel angel
situacion juridica resuelta,ninos grandes,127.8697599567367,2.800572794024712,tlatlaya,H,francisco
situacion juridica resuelta,casvh,194.1431844298113,4.698397787012,toluca,M,ara
situacion juridica resuelta,ninos grandes,104.2923245637737,5.327797630561534,chalco solidaridad,H,francisco
situacion juridica resuelta,casvh,199.9829857890376,1.218584405065295,toluca,M,ara
situacion juridica resuelta,ninos grandes,104.9018362383472,4.830362815473431,toluca,H,francisco
situacion juridica resuelta,casvh,82.21704041759645,16.30508629715807,toluca,M,ara
situacion juridica resuelta,villa juvenil,154.5331812543701,3.034646353658831,toluca,H,francisco
situacion juridica resuelta,villa juvenil,127.2739146323714,3.609375091314666,jilotepec,H,francisco
situacion juridica resuelta,casvh,79.5165074605495,11.20309362083935,toluca,M,ara
situacion juridica resuelta,ninos grandes,104.2323144245071,5.054011889183555,toluca,H,francisco
situacion juridica resuelta,castri,11.34903723946931,20.21266424312635,toluca,H,miguel angel
situacion juridica resuelta,casvh,171.2733855429531,6.950827718612634,toluca,M,ara
situacion juridica resuelta,casvh,119.6598388653111,4.831807546725248,toluca,M,francisco
situacion juridica resuelta,casvh,200.0198964719939,5.902747831951071,jocotitlan,M,ara
situacion juridica resuelta,ninos grandes,102.1233679477012,7.341613599789993,chalco solidaridad,H,francisco
situacion juridica resuelta,villa juvenil,126.7783530443046,2.684235650822792,tlatlaya,H,francisco
situacion juridica resuelta,casvh,137.8556114878515,5.215416738410102,toluca,M,ara
situacion juridica resuelta,villa juvenil,154.4770191575462,7.452400340573656,toluca,H,francisco
situacion juridica resuelta,castri,45.73755473176696,19.38708987852641,tlanepantla de baz,M,miguel angel
situacion juridica resuelta,ninos grandes,127.2640588489194,2.859319173791393,villa victoria,H,francisco
situacion juridica resuelta,maternal,53.33910576918538,0.5683897018003576,toluca,H,rene
situacion juridica resuelta,villa juvenil,128.5630609424564,6.250925453118628,toluca,H,francisco
situacion juridica resuelta,castri,58.12129037749217,9.309761529020147,toluca,H,miguel angel
situacion juridica resuelta,casvh,133.2682220658318,2.437082994344721,toluca,M,ara
situacion juridica resuelta,casvh,170.0889589334215,8.598967567253498,toluca,M,ara
situacion juridica resuelta,casvh,128.431619257633,4.344071846512518,toluca,M,francisco
situacion juridica resuelta,casvh,135.277271977925,4.181998972611456,toluca,M,ara
situacion juridica resuelta,casvh,133.9181258308157,4.428405537564386,toluca,M,ara
situacion juridica resuelta,maternal,53.99372270868804,1.082431849807248,toluca,H,rene
situacion juridica resuelta,ninos grandes,101.5207416416295,7.901135385357945,coacalco de berriozabal,H,francisco
situacion juridica resuelta,villa juvenil,135.3209994297941,7.310836635795899,tlanepantla de baz,H,francisco
situacion juridica resuelta,mediano,23.66794508986722,4.939200389645626,toluca,H,paola
situacion juridica resuelta,maternal,53.18352530340202,0.4462191437332964,toluca,H,paola
situacion juridica resuelta,lactantes,4.573349900653176,3.262549145224602,toluca,H,rene
situacion juridica resuelta,casvh,201.9512001653624,1.698758890853322,toluca,M,ara
situacion juridica resuelta,villa juvenil,129.0171341620449,5.149284935703712,villa victoria,H,francisco
situacion juridica resuelta,casvh,75.32341275201601,15.52421979725809,toluca,M,ara
adopcion,mediana,56.37282302791972,5.597418223082625,toluca,H,paola
adopcion,mediana,40.41412704459606,5.207087232048793,zumpango,M,paola
adopcion,mediana,69.70208470036191,4.591113349674367,toluca,M,paola
adopcion,mediana,0.4933705420907848,1.203464328039258,toluca,M,paola
adopcion,mediana,42.34721489022066,6.223505392089826,tultitlan,M,paola
adopcion,mediana,15.75481659616919,3.899677313619901,toluca,M,paola
adopcion,mediana,37.91285197422999,4.876397401050193,atlacomulco,M,paola
adopcion,mediana,56.46151772263737,5.583380422993587,toluca,H,paola
adopcion,mediana,58.64423182246099,2.977207617844772,toluca,M,paola
adopcion,mediana,15.10653083576484,3.92829951126315,toluca,M,paola
adopcion,mediana,13.94330407363849,3.545149596601715,toluca,M,paola
adopcion,mediana,48.97671038269401,3.760610898762564,toluca,M,paola
adopcion,mediana,37.53933246280573,4.876986589351736,tultitlan,M,paola
adopcion,mediana,42.39599976820847,4.776556984041373,toluca,M,paola
adopcion,mediana,40.88141050257616,5.266146633721966,zumpango,M,paola
adopcion,mediana,64.48113973718549,3.459452428049064,toluca,M,paola
adopcion,mediana,44.94053571837978,5.697600355617632,toluca,M,paola
adopcion,mediana,39.51329312882167,5.104135972753601,tultitlan,M,paola
adopcion,mediana,107.1784415647098,4.888916608404767,tultitlan,M,paola
adopcion,mediana,64.58877103006003,3.659372819574926,toluca,M,paola
adopcion,mediana,54.08351693948035,5.526271708344663,toluca,M,paola
adopcion,mediana,81.8342780638915,4.416460662451527,toluca,M,paola
adopcion,mediana,74.33986280686273,4.473275928866728,toluca,M,paola
adopcion,mediana,38.17432786337112,4.929723830571126,zumpango,M,paola
adopcion,mediana,124.6141004123901,2.336346582045168,tultitlan,M,paola
adopcion,mediana,29.33291000742661,4.813240000902917,ixtapaluca,M,paola
adopcion,mediana,58.90380915803272,2.875034345786971,toluca,M,paola
adopcion,mediana,9.083325915352471,5.436525149812209,toluca,M,paola
adopcion,mediana,43.10646801297693,4.87677149725083,toluca,H,paola
adopcion,mediana,7.946291493865061,5.369352565949357,toluca,M,paola
adopcion,mediana,13.34213957023752,3.218145219491189,toluca,M,paola
adopcion,mediana,64.05186430731024,4.329335553334803,toluca,M,paola
adopcion,mediana,51.284449718399,4.574355090956706,toluca,H,paola
adopcion,mediana,62.14220141180467,2.932155589146661,toluca,M,paola
adopcion,mediana,34.11962721230966,4.871274411134885,naucalpan de juarez,M,paola
adopcion,mediana,13.50945354440651,2.93090479540099,toluca,M,paola
adopcion,mediana,40.84563443368747,5.265880941433462,zumpango,M,paola
adopcion,mediana,40.47932256264604,5.008363211242012,naucalpan de juarez,M,paola
adopcion,mediana,49.64523283886179,3.556750106272761,toluca,H,paola
adopcion,mediana,8.63954644295671,5.448290322737019,toluca,M,paola
adopcion,mediana,8.059726846892733,5.258157775239069,toluca,M,paola
adopcion,mediana,42.90054948546562,6.764543662996006,zumpango,H,paola
adopcion,mediana,29.61431469113579,4.803854324500601,ixtapaluca,M,paola
adopcion,mediana,56.82253706714155,5.314314258306003,toluca,H,paola
adopcion,mediana,29.7828155581468,4.798202550283605,ixtapaluca,M,paola
adopcion,mediana,42.46896399271938,4.58820966621341,toluca,H,paola
adopcion,mediana,106.8198999053071,4.1708425183636,tultitlan,M,paola
adopcion,mediana,112.1448461425624,3.969872208583963,tultitlan,M,paola
adopcion,mediana,56.39144294661992,5.266810152563057,toluca,M,paola
adopcion,mediana,61.77118187937572,4.513743272045251,toluca,M,paola
adopcion,mediana,50.853920455496,4.093493650783945,toluca,H,paola
adopcion,mediana,149.4866529774127,1.048596851471595,san mateo atenco,M,paola
adopcion,mediana,39.097277394111,5.049946220902131,tultitlan,M,paola
adopcion,mediana,13.25934202118195,3.217626586604698,toluca,M,paola
adopcion,mediana,48.87333185678153,5.080581213472068,toluca,M,paola
adopcion,mediana,9.228120481928734,5.342533076858571,toluca,M,paola
adopcion,mediana,48.51014247640232,5.189170091093819,toluca,M,paola
adopcion,mediana,39.98636063004272,5.165757224935308,zumpango,M,paola
adopcion,mediana,47.86023523929119,4.567128812324579,toluca,M,paola
adopcion,mediana,49.87762873467873,5.263571891647426,toluca,M,paola
adopcion,mediana,16.86003441311782,1.121896533689,toluca,M,paola
adopcion,mediana,65.17806496599215,4.246158755383393,toluca,M,paola
adopcion,mediana,62.70825055818077,4.317493910679461,toluca,M,paola
adopcion,mediana,42.60157451708528,4.672978526901449,toluca,M,paola
adopcion,mediana,43.69077996147403,5.098952465626621,toluca,H,paola
adopcion,mediana,27.69266467709001,4.979560300215974,toluca,M,paola
adopcion,mediana,42.73334402388873,6.340518996115263,naucalpan de juarez,M,paola
adopcion,mediana,14.97402219461509,4.330860951116658,toluca,M,paola
adopcion,mediana,98.14182837944317,5.560453141835061,toluca,M,paola
adopcion,mediana,29.33508322786939,4.813203780562204,ixtapaluca,M,paola
adopcion,mediana,57.47342570614558,4.123101956613671,toluca,M,paola
adopcion,mediana,47.8460379928676,4.635956001373731,toluca,M,paola
adopcion,mediana,149.4866529774127,1.048596851471595,san mateo atenco,M,paola
adopcion,mediana,62.94833596530185,4.59262509985083,toluca,M,paola
adopcion,mediana,65.3530193568783,4.793520362275501,toluca,M,paola
adopcion,mediana,81.45316443424993,3.466745303649247,toluca,M,paola
adopcion,mediana,38.92253773367177,4.455033532030417,naucalpan de juarez,M,paola
adopcion,mediana,37.10055629765461,4.900290333717172,atlacomulco,M,paola
adopcion,mediana,50.35422931795795,3.960442935856401,toluca,M,paola
adopcion,mediana,8.530621535197842,5.941272708005435,toluca,M,paola
adopcion,mediana,82.71231825444447,4.789510567130128,toluca,M,paola
adopcion,mediana,49.46328891075365,3.380701435868945,toluca,M,paola
adopcion,mediana,0.7630322197671988,1.142775628701878,toluca,M,paola
adopcion,mediana,57.0704020533326,5.064056874327986,toluca,H,paola
adopcion,mediana,37.83021058532654,4.898689705082455,tultitlan,M,paola
adopcion,mediana,11.7048151594091,4.039922908300774,toluca,M,paola
adopcion,mediana,38.52147458712131,4.837054756692438,tultitlan,M,paola
adopcion,mediana,5.149231412868241,3.134970267489152,toluca,M,paola
adopcion,mediana,0.5859919025157255,1.120969961248681,toluca,M,paola
adopcion,mediana,149.4866529774127,1.048596851471595,san mateo atenco,M,paola
adopcion,mediana,64.79420242615474,3.52508363714716,toluca,M,paola
adopcion,mediana,7.488939587166731,4.339923574110044,toluca,M,paola
adopcion,mediana,30.32037254021004,4.784236228450868,almoloya de juarez,M,paola
adopcion,mediana,149.112329043919,1.08394828838255,san mateo atenco,M,paola
adopcion,mediana,0.4251591247631502,1.26014546745766,toluca,M,paola
adopcion,mediana,42.77571046599654,4.614013292893103,toluca,H,paola
adopcion,mediana,51.23995941400791,4.419074019219325,toluca,M,paola
adopcion,mediana,62.03992417800138,4.656795490206462,toluca,M,paola
adopcion,mediana,85.86603977028545,4.811341334879522,toluca,M,paola
adopcion,mediana,0.4724238583778234,1.210519926921467,toluca,M,paola
adopcion,mediana,30.26408420667122,4.797719666001148,toluca,M,paola
adopcion,mediana,148.9018707224387,1.103824132293357,san mateo atenco,M,paola
adopcion,mediana,13.61657205269745,3.433443191150189,toluca,M,paola
adopcion,mediana,67.63561926208531,4.826722553092194,toluca,M,paola
adopcion,mediana,79.33098918334426,4.388750522299808,toluca,M,paola
adopcion,mediana,9.953534417383096,5.258315322628664,toluca,M,paola
adopcion,mediana,51.98465930514996,4.894997034810864,toluca,M,paola
adopcion,mediana,42.53322550171622,4.740991100583805,zumpango,H,paola
adopcion,mediana,14.62982296311966,2.537629064634241,toluca,M,paola
adopcion,mediana,48.65699782539375,5.177342042768662,toluca,M,paola
adopcion,mediana,16.93642806563697,4.795915673321524,toluca,M,paola
adopcion,mediana,8.702911871143254,5.851997157365941,toluca,M,paola
adopcion,mediana,16.80842903530553,0.755197148096603,toluca,M,paola
adopcion,mediana,51.06293298740245,4.318399503654573,capulhuac,M,paola
adopcion,mediana,7.905849870829393,5.355390577044186,toluca,M,paola
adopcion,mediana,42.39727930207465,4.584759396759379,toluca,M,paola
adopcion,mediana,50.38874689828994,4.151586590439317,toluca,H,paola
adopcion,mediana,39.36174747909579,5.084395803169567,tultitlan,M,paola
adopcion,mediana,50.08675809055389,3.769861899158412,toluca,H,paola
adopcion,mediana,62.28507418072058,4.558489674309565,toluca,M,paola
adopcion,mediana,50.88614731970974,4.396600404546851,capulhuac,M,paola
adopcion,mediana,47.77877111742074,4.458821015672155,toluca,M,paola
adopcion,mediana,41.67984827273821,4.73488025385537,tultitlan,M,paola
adopcion,mediana,9.841263738417764,5.069708143953362,toluca,M,paola
adopcion,mediana,51.59061624571343,4.81828990596858,toluca,H,paola
adopcion,mediana,47.98115974901347,4.616793087460331,toluca,M,paola
adopcion,mediana,14.9002858387713,2.069705420576844,toluca,M,paola
adopcion,mediana,12.64173167626609,5.14800576032576,toluca,M,paola
adopcion,mediana,42.12674737615384,4.993936131685129,zumpango,M,paola
adopcion,mediana,83.5452154415945,4.388527594884409,toluca,M,paola
adopcion,mediana,78.75686783716499,4.373402981546434,toluca,M,paola
adopcion,mediana,87.52121595100422,4.570727352311288,toluca,M,paola
adopcion,mediana,44.68717305442041,5.694580571888276,toluca,M,paola
adopcion,mediana,64.88136432003229,3.688814833632434,toluca,M,paola
adopcion,mediana,62.70269877548297,4.734173599215175,toluca,M,paola
adopcion,mediana,80.16407223928239,3.868851979980952,toluca,M,paola
adopcion,mediana,88.8118639602715,5.03870749261233,toluca,M,paola
adopcion,mediana,64.06836284909953,4.681328281455493,toluca,M,paola
adopcion,mediana,17.0007351571985,1.05596356195108,toluca,M,paola
adopcion,mediana,15.74480690630828,4.134924432909979,toluca,M,paola
adopcion,mediana,61.78811110352543,4.542438800960926,toluca,M,paola
adopcion,mediana,44.45615801319354,5.665863129786804,toluca,H,paola
adopcion,mediana,28.1883353086206,4.928052498762931,toluca,M,paola
adopcion,mediana,41.90440316445891,5.390706313007325,zumpango,M,paola
adopcion,mediana,3.884486551000494,2.930112541102684,toluca,M,paola
adopcion,mediana,34.35412049217113,4.820910165303564,naucalpan de juarez,M,paola
adopcion,mediana,44.63033660619237,5.579753473021176,toluca,H,paola
adopcion,mediana,109.3085682366635,4.843045725363077,tultitlan,M,paola
adopcion,mediana,51.3633027176832,4.381807660543582,toluca,M,paola
adopcion,mediana,51.32571900503777,4.62786586080037,toluca,H,paola
adopcion,mediana,8.673039077171083,5.881613163431349,toluca,M,paola
adopcion,mediana,47.91974985988101,4.488258736399124,toluca,M,paola
adopcion,mediana,17.23990685042328,0.8903168312260821,toluca,M,paola
adopcion,mediana,112.6189638546679,2.641856693956217,tultitlan,M,paola
adopcion,mediana,38.36793133129303,4.957149904035204,atlacomulco,M,paola
adopcion,mediana,64.10233535837641,3.617181280725356,toluca,M,paola
adopcion,mediana,80.78115785040244,3.975232925493013,toluca,M,paola
adopcion,mediana,9.767830394460484,4.526456516555321,toluca,M,paola
adopcion,mediana,81.50276669204462,3.526150758209578,toluca,M,paola
adopcion,mediana,50.88004773912576,4.407331266568037,toluca,H,paola
adopcion,mediana,0.4684722578555853,2.150789053083044,toluca,M,paola
adopcion,mediana,5.543085187905427,3.336119259584744,toluca,M,paola
adopcion,mediana,49.05604037558688,3.317268254617479,toluca,M,paola
adopcion,mediana,61.70030711311028,4.291110064433387,toluca,M,paola
adopcion,mediana,70.97602809927719,4.501806410751253,toluca,M,paola
adopcion,mediana,51.79977249270227,4.697127462374103,toluca,M,paola
adopcion,mediana,62.31355632553673,4.650097222014368,toluca,M,paola
adopcion,mediana,42.52512747923367,5.166549268214071,toluca,H,paola
adopcion,mediana,83.06796542692017,4.358569567904008,toluca,M,paola
adopcion,mediana,29.23920891288266,4.814714292669817,toluca,M,paola
adopcion,mediana,39.65657058482167,4.755575600620324,naucalpan de juarez,M,paola
adopcion,mediana,42.35516498905362,4.819458036579647,tultitlan,M,paola
adopcion,mediana,42.32914461252701,5.184740491227479,zumpango,M,paola
adopcion,mediana,51.46477358898728,4.362445381707551,toluca,H,paola
adopcion,mediana,62.5755495940255,4.611097532959256,toluca,M,paola
adopcion,mediana,62.37261325251102,4.465477143458576,toluca,M,paola
adopcion,mediana,95.40466439974794,5.321859143602027,toluca,M,paola
adopcion,mediana,7.642373010038622,5.264428327485467,toluca,M,paola
adopcion,mediana,8.73997193756242,5.449085357828811,toluca,M,paola
adopcion,mediana,111.7825922411215,2.37421371229377,tultitlan,M,paola
adopcion,mediana,51.64863382165581,4.931958396576498,toluca,M,paola
adopcion,mediana,41.38699113377758,4.689980131528287,tultitlan,M,paola
adopcion,mediana,42.0369519647849,5.00816992930364,zumpango,M,paola
adopcion,mediana,62.1461351339034,2.932768669244746,toluca,M,paola
adopcion,mediana,61.51104177348786,4.137167222782888,toluca,M,paola
adopcion,mediana,37.60745717506109,4.887491549248461,atlacomulco,M,paola
adopcion,mediana,39.09134984439806,5.049174104798746,tultitlan,M,paola
adopcion,mediana,82.99634917330921,4.642156013257566,toluca,M,paola
adopcion,mediana,87.42015352690296,4.304391835290165,toluca,M,paola
adopcion,mediana,0.3626558458860238,1.491092375498673,toluca,M,paola
adopcion,mediana,42.76178410176051,6.340311054270153,toluca,M,paola
adopcion,mediana,4.247175240804386,2.60748991814006,toluca,M,paola
adopcion,mediana,61.69500943280764,4.479224594237827,toluca,M,paola
adopcion,mediana,52.12696444916521,4.99263443425043,toluca,H,paola
adopcion,mediana,50.19728652711427,3.864541435041209,toluca,H,paola
adopcion,mediana,47.76160642674767,5.280801466173021,toluca,H,paola
adopcion,mediana,42.49209601450141,6.365166935830997,zumpango,H,paola
adopcion,mediana,49.10021679499033,5.123176074369153,toluca,M,paola
adopcion,mediana,48.00402479406845,4.104490798610865,toluca,H,paola
adopcion,mediana,29.60225341577528,4.808496205349942,naucalpan de juarez,M,paola
adopcion,mediana,37.33060605734386,4.884095719980036,atlacomulco,M,paola
adopcion,mediana,6.338080916890019,6.46110041328499,toluca,M,paola
adopcion,mediana,11.335892648486,4.785571759597045,toluca,M,paola
adopcion,mediana,32.53800079572621,4.829192324275598,naucalpan de juarez,M,paola
adopcion,mediana,41.77136511609355,5.174213141651133,zumpango,M,paola
adopcion,mediana,47.83011778059407,4.658397610687722,toluca,M,paola
adopcion,mediana,79.37836099690828,4.405778787953767,toluca,M,paola
adopcion,mediana,57.12841734574408,4.398066711926125,toluca,M,paola
adopcion,mediana,42.44456356536515,6.00304714414286,tultitlan,M,paola
adopcion,mediana,38.88799546254086,4.993813762726711,tultitlan,M,paola
adopcion,mediana,48.93871151585605,5.212487552606798,toluca,M,paola
adopcion,mediana,48.96048889373677,5.079782503702109,toluca,M,paola
adopcion,mediana,145.5787637962534,1.250923622195807,san mateo atenco,M,paola
adopcion,mediana,42.32638483492315,5.44241888448724,zumpango,M,paola
adopcion,mediana,149.4866529774127,1.048596851471595,san mateo atenco,M,paola
adopcion,mediana,42.67165358342027,6.235941307473816,toluca,M,paola
adopcion,mediana,50.10284888145874,3.819303814024848,toluca,H,paola
adopcion,mediana,146.1006658007338,1.223902705709714,san mateo atenco,M,paola
adopcion,mediana,1.743061889528685,5.730706759021693,toluca,M,paola
adopcion,mediana,47.71790958927307,4.547086802418383,toluca,M,paola
adopcion,mediana,71.37686734628683,4.500292237100976,toluca,M,paola
adopcion,mediana,42.62295579369231,4.938002683744853,toluca,H,paola
adopcion,mediana,0.626025935405339,1.095341770259722,toluca,M,paola
adopcion,mediana,62.49637252010585,4.274608491017926,toluca,M,paola
adopcion,mediana,48.98514853027977,3.532000182679785,toluca,H,paola
adopcion,mediana,49.55609206537566,3.407342827096375,toluca,M,paola
adopcion,mediana,1.716038897802454,5.621488834128179,toluca,M,paola
adopcion,mediana,38.21681826608973,4.828760626884922,tultitlan,M,paola
adopcion,mediana,39.89238254518439,4.822126466460095,naucalpan de juarez,M,paola
adopcion,mediana,8.677468518850102,5.672392435688649,toluca,M,paola
adopcion,mediana,149.4866529774127,1.048596851471595,san mateo atenco,M,paola
adopcion,mediana,0.5965442548169136,1.077986680077356,atizapan de zaragosa,M,paola
adopcion,mediana,51.27445685566844,4.55468174446519,toluca,H,paola
adopcion,mediana,9.802718871414744,4.665114829116606,toluca,M,paola
adopcion,mediana,38.09254007384403,4.946879918203724,atlacomulco,M,paola
adopcion,mediana,7.422446928677837,5.188501466063291,toluca,M,paola
adopcion,mediana,49.00237903326185,5.092791807595074,toluca,M,paola
adopcion,mediana,40.53517510917404,5.237245195113417,tultitlan,M,paola
adopcion,mediana,56.54432416456726,5.471085461736862,toluca,H,paola
adopcion,mediana,50.09063681544788,3.888678614901997,toluca,H,paola
adopcion,mediana,67.76394532121438,4.792425654591372,toluca,M,paola
adopcion,mediana,4.502663579681538,3.102525746727386,toluca,M,paola
adopcion,mediana,82.85812049232752,4.659140348144732,toluca,M,paola
adopcion,mediana,52.48649091612522,5.277824586738653,toluca,H,paola
adopcion,mediana,49.73715528879823,4.747135808869535,toluca,H,paola
adopcion,mediana,83.66742554428737,3.496008362179255,toluca,M,paola
adopcion,mediana,64.31047178500485,3.62290471291627,toluca,M,paola
adopcion,mediana,30.77426491251815,4.787399739459868,naucalpan de juarez,M,paola
adopcion,mediana,56.32417702238144,5.675394908430753,toluca,H,paola
adopcion,mediana,38.60359757676452,4.615853884872676,tultitlan,M,paola
adopcion,mediana,112.1463276892714,2.515412570547196,tultitlan,M,paola
adopcion,mediana,40.26536585500096,5.202100138542328,tultitlan,M,paola
adopcion,mediana,58.56170722404004,3.068930051962056,toluca,M,paola
adopcion,mediana,47.56234226992544,4.690953240492281,toluca,H,paola
adopcion,mediana,49.17628305970977,3.227290735886061,toluca,M,paola
adopcion,mediana,82.62489170407278,4.905611813000974,toluca,M,paola
adopcion,mediana,62.30257664573347,4.481897887275403,toluca,M,paola
adopcion,mediana,51.15411091402501,4.312708641704979,capulhuac,M,paola
adopcion,mediana,29.48509702143395,4.810563295957854,naucalpan de juarez,M,paola
adopcion,mediana,69.35523145391106,3.90565935563391,toluca,M,paola
adopcion,mediana,47.67085813305644,5.300609884031728,toluca,H,paola
adopcion,mediana,47.60151014863748,5.301003468881818,toluca,H,paola
adopcion,mediana,42.16959828296854,5.43182398166393,zumpango,H,paola
adopcion,mediana,47.91105404223291,4.515712950498127,toluca,H,paola
adopcion,mediana,29.45184706442171,4.810910904084488,naucalpan de juarez,M,paola
adopcion,mediana,52.11732770490505,4.536644938985769,toluca,H,paola
adopcion,mediana,60.57204148417308,3.405918876449693,toluca,M,paola
adopcion,mediana,51.76087290024461,4.680921409664435,toluca,M,paola
adopcion,mediana,38.59935809269047,4.601511702717652,tultitlan,M,paola
adopcion,mediana,38.55660626569306,4.642795569886983,tultitlan,M,paola
adopcion,mediana,42.49949888395959,4.629056558469823,toluca,M,paola
adopcion,mediana,62.56665428374044,3.01585345604757,toluca,M,paola
adopcion,mediana,47.71287440436766,4.322358437162475,toluca,H,paola
adopcion,mediana,87.22411266602928,4.04486059385523,toluca,M,paola
adopcion,mediana,70.15502825948518,4.563198990844029,toluca,M,paola
adopcion,mediana,39.62058431028188,5.118111603995589,tultitlan,M,paola
adopcion,mediana,78.6890461725361,4.390532299407832,toluca,M,paola
adopcion,mediana,1.937223913671184,6.564903225292611,toluca,M,paola
adopcion,mediana,148.7539529042825,1.117793603515113,san mateo atenco,M,paola
adopcion,mediana,64.68428495667234,3.373815207214422,toluca,M,paola
adopcion,mediana,51.29218691760569,4.54117731911749,toluca,H,paola
adopcion,mediana,14.12690954357235,2.68159308848459,toluca,M,paola
adopcion,mediana,58.17985315841562,4.11388404260062,toluca,M,paola
adopcion,mediana,81.77713482267276,4.275363826475743,toluca,M,paola
adopcion,mediana,52.12846482398151,5.170701622103993,toluca,M,paola
adopcion,mediana,43.09217820338441,6.685773373292195,toluca,M,paola
canalizado colocar lugar,casvh,131.8622081114774,10.04681012921378,toluca,M,ara
canalizado colocar lugar,ninos grandes,157.316183690539,1.149901651101799,toluca,H,francisco
canalizado colocar lugar,casvh,132.0539046381074,9.887714840851222,toluca,M,ara
canalizado colocar lugar,ninos grandes,129.9331247826876,7.010136310467317,tlanepantla de baz,H,francisco
canalizado colocar lugar,casvh,152.0999579715668,8.886413612819656,ecatepec de morelos,M,ara
canalizado colocar lugar,intermedias,113.9761750503797,4.95034851053871,toluca,M,david
canalizado colocar lugar,casvh,132.3891132487328,9.847557445714914,toluca,M,ara
canalizado colocar lugar,intermedias,84.8183835356229,5.429003453014115,toluca,M,david
canalizado colocar lugar,ninos grandes,128.0093880537562,8.92154139370048,tlanepantla de baz,H,francisco
canalizado colocar lugar,villa juvenil,195.8715487936621,4.205308997709668,toluca,H,francisco
canalizado colocar lugar,casvh,152.0619407425867,8.358386640651226,ecatepec de morelos,M,ara
canalizado colocar lugar,ninos grandes,161.4935568818402,0.9911019849418207,chicoloapan,H,francisco
canalizado colocar lugar,intermedias,121.6057224279876,4.138364604411251,toluca,M,david
canalizado colocar lugar,ninos grandes,170.2118097712756,4.276091907585335,nezahualcoyotl,H,francisco
canalizado colocar lugar,intermedios,111.6133037075717,4.658149821841648,ocoyoacac,H,david
canalizado colocar lugar,ninos grandes,194.7627389778207,4.867714655033713,toluca,H,francisco
canalizado colocar lugar,intermedias,95.32466748068691,4.904871473624043,naucalpan de juarez,M,david
canalizado colocar lugar,casvh,138.1459280379471,6.568428996003675,toluca,M,david
canalizado colocar lugar,casvh,183.432940410923,3.282141882738653,toluca,H,ara
canalizado colocar lugar,casvh,151.5985731570622,5.819239188322372,tlalmanalco,M,ara
canalizado colocar lugar,intermedias,120.5642426906051,3.796305168822591,toluca,M,david
canalizado colocar lugar,casvh,131.7183042525732,8.62756829516886,toluca,M,ara
canalizado colocar lugar,intermedias,140.6817367799289,3.33680480871683,toluca,M,david
canalizado colocar lugar,villa juvenil,207.8785608223662,3.156638946780356,chicoloapan,H,francisco
canalizado colocar lugar,villa juvenil,209.6152289811259,2.354586625599082,toluca,H,francisco
canalizado colocar lugar,ninos grandes,173.5460911499829,3.420472629056804,chalco solidaridad,H,francisco
canalizado colocar lugar,ninos grandes,154.8681864144544,4.044053365019325,toluca,H,francisco
canalizado colocar lugar,ninos grandes,173.5919432438807,2.815942984127575,naucalpan de juarez,H,francisco
canalizado colocar lugar,intermedias,72.50355992482282,18.76705790776841,toluca,M,david
canalizado colocar lugar,ninas grandes,213.8751288776763,4.261176529925126,toluca,M,ariana
canalizado colocar lugar,intermedios,106.1679445627039,6.796657397915673,ocoyoacac,H,david
canalizado colocar lugar,ninos grandes,151.9063917666142,4.795955000906099,ecatepec de morelos,H,francisco
canalizado colocar lugar,casvh,131.1414787797837,9.930605581168962,toluca,M,ara
canalizado colocar lugar,ninos grandes,157.6055509355801,1.259313117604737,toluca,H,francisco
canalizado colocar lugar,villa juvenil,209.2412468161998,2.380815120562953,toluca,H,francisco
canalizado colocar lugar,villa juvenil,183.2432675982254,3.522961221654733,toluca,H,francisco
canalizado colocar lugar,casvh,151.2152551268246,5.599963851532725,tlalmanalco,M,ara
canalizado colocar lugar,ninos grandes,165.7228879537603,0.9911019849418207,toluca,H,francisco
canalizado colocar lugar,intermedias,114.9758170345413,5.558655781498992,toluca,M,david
canalizado colocar lugar,intermedias,99.2839356980745,5.83995230612785,naucalpan de juarez,M,david
canalizado colocar lugar,intermedias,83.67773378729608,7.516996230139434,toluca,M,david
canalizado colocar lugar,ninos grandes,157.9455502248829,1.089379773249137,toluca,H,francisco
canalizado colocar lugar,ninos grandes,172.1914328961108,3.729310328216187,chalco solidaridad,H,francisco
canalizado colocar lugar,casvh,115.8754254919264,5.950492903078477,cuautitlan izcalli,M,ara
canalizado colocar lugar,ninos grandes,171.3915015142501,4.353075462956697,chalco solidaridad,H,francisco
canalizado colocar lugar,intermedias,130.6968935403666,6.006664939310793,toluca,M,david
canalizado colocar lugar,intermedias,119.5808101511053,3.794661190965092,toluca,M,david
canalizado colocar lugar,intermedias,119.8891936442298,3.870289846132186,toluca,M,david
canalizado colocar lugar,intermedios,107.8649662282092,5.980290582369964,ocoyoacac,H,david
canalizado colocar lugar,intermedias,98.8880311038667,6.059380808433006,naucalpan de juarez,M,david
canalizado colocar lugar,intermedias,130.1231440146387,5.384669064220587,toluca,M,david
canalizado colocar lugar,intermedios,103.6369990134819,7.96883089019976,coacalco de berriozabal,H,david
canalizado colocar lugar,intermedias,89.07094311877596,11.94666287376944,cuautitlan izcalli,M,david
canalizado colocar lugar,intermedios,105.3856610759463,7.031904901408224,ocoyoacac,H,david
canalizado colocar lugar,intermedias,72.32965062828781,19.84238192301429,toluca,M,david
canalizado colocar lugar,ninas grandes,213.664627200093,3.060747906510342,toluca,M,ariana
canalizado colocar lugar,ninos grandes,180.19600045397,3.760026124690871,naucalpan de juarez,H,francisco
canalizado colocar lugar,villa juvenil,207.5313106504724,2.57369070900345,chicoloapan,H,francisco
canalizado colocar lugar,ninos grandes,142.3347063906842,2.840903769081649,toluca,H,francisco
canalizado colocar lugar,intermedios,104.6657494183144,11.5726602229096,toluca,H,david
canalizado colocar lugar,intermedias,95.27967873712309,5.015245993159565,naucalpan de juarez,M,david
canalizado colocar lugar,ninos grandes,115.9328891883273,6.151809966510677,ocoyoacac,H,francisco
canalizado colocar lugar,intermedios,104.6062604366623,7.349115981334213,toluca,H,david
canalizado colocar lugar,ninos grandes,160.860641255035,0.9911019849418207,toluca,H,francisco
canalizado colocar lugar,intermedias,126.7856214294029,5.391509460182083,toluca,M,david
canalizado colocar lugar,villa juvenil,200.5686981096129,2.474328025053897,toluca,H,francisco
canalizado colocar lugar,ninos grandes,170.7965729352745,3.782580398298415,nezahualcoyotl,H,francisco
canalizado colocar lugar,intermedias,130.7002469343808,5.210090818318061,toluca,M,david
canalizado colocar lugar,casvh,149.9619180061105,6.228403584673299,ecatepec de morelos,M,ara
canalizado colocar lugar,ninos grandes,173.5228268546041,2.922008957416029,chalco solidaridad,H,francisco
canalizado colocar lugar,intermedias,59.51958409760697,9.352962469512818,toluca,M,david
canalizado colocar lugar,villa juvenil,188.5924038515169,4.020476088235753,toluca,H,francisco
canalizado colocar lugar,villa juvenil,208.0850995511401,2.330659979401692,chicoloapan,H,francisco
canalizado colocar lugar,intermedios,105.6415373756793,6.90263235023345,toluca,H,david
canalizado colocar lugar,intermedios,109.2200118287046,5.506296176678076,ocoyoacac,H,david
canalizado colocar lugar,casvh,184.6086127485101,4.026315396485133,toluca,H,francisco
canalizado colocar lugar,ninos grandes,184.8024142365588,3.668211144760158,toluca,H,francisco
canalizado colocar lugar,casvh,184.5375889032971,4.80239141926039,toluca,H,ara
canalizado colocar lugar,casvh,151.6208100676596,6.412728770558688,tlalmanalco,M,ara
canalizado colocar lugar,intermedias,78.19491879066892,5.865062245813932,toluca,M,david
canalizado colocar lugar,ninos grandes,173.1098271043298,2.839372566408621,nezahualcoyotl,H,francisco
canalizado colocar lugar,casvh,152.1414897472017,5.512243081200912,tlalmanalco,M,ara
canalizado colocar lugar,ninos grandes,152.1960397147442,4.978227925117965,ocoyoacac,H,francisco
canalizado colocar lugar,casvh,131.038629728048,9.914023034784037,toluca,M,ara
canalizado colocar lugar,villa juvenil,203.0653936818281,4.583134223599541,toluca,H,francisco
canalizado colocar lugar,villa juvenil,209.1963911527321,3.50414694836733,chicoloapan,H,francisco
canalizado colocar lugar,casvh,150.9237359706263,6.660747265959406,ecatepec de morelos,M,ara
canalizado colocar lugar,ninos grandes,105.9471252469104,7.713861234132333,toluca,H,david
canalizado colocar lugar,intermedias,126.8597706996237,4.535620648813913,toluca,M,david
canalizado colocar lugar,intermedias,83.60818122375453,5.235191702219706,toluca,M,david
canalizado colocar lugar,ninos grandes,140.8038389129668,5.284973869640096,toluca,M,david
canalizado colocar lugar,intermedios,108.911704312115,5.574264202600959,ocoyoacac,H,david
canalizado colocar lugar,ninos grandes,108.911704312115,5.574264202600959,ocoyoacac,H,francisco
canalizado colocar lugar,casvh,151.8401799524743,6.322131855210163,jocotitlan,M,ara
canalizado colocar lugar,ninos grandes,130.7726676036615,6.175975174243279,tlanepantla de baz,H,francisco
canalizado colocar lugar,intermedias,72.1845318153235,20.28440198086989,toluca,M,david
canalizado colocar lugar,ninos grandes,152.8684220643683,4.58495805728148,tultitlan,H,francisco
canalizado colocar lugar,intermedias,121.5695585149389,4.189247992887152,toluca,M,david
canalizado colocar lugar,intermedias,123.598183372861,3.794661190965092,toluca,M,david
canalizado colocar lugar,ninos grandes,157.3544165489229,1.229854012187569,chicoloapan,H,francisco
canalizado colocar lugar,ninos grandes,143.2842588045255,3.650385731941888,toluca,H,francisco
canalizado colocar lugar,casvh,133.1469623074499,9.035858269839432,toluca,M,ara
canalizado colocar lugar,ninos grandes,157.5559906936309,1.651384849391428,chicoloapan,H,francisco
canalizado colocar lugar,villa juvenil,209.5527674138133,3.612045457339507,chicoloapan,H,francisco
canalizado colocar lugar,villa juvenil,208.2236714922518,2.753439873602609,chicoloapan,H,francisco
canalizado colocar lugar,ninos grandes,194.6796432551035,4.848415264081351,toluca,H,francisco
canalizado colocar lugar,casvh,109.3101915106854,3.736973446334793,ocoyoacac,M,ara
canalizado colocar lugar,ninos grandes,156.2529376801214,4.978725547507917,toluca,H,francisco
canalizado colocar lugar,casvh,184.6938535322135,4.712042842578468,toluca,H,ara
canalizado colocar lugar,villa juvenil,212.0040390796665,1.803694526210429,chicoloapan,H,francisco
canalizado colocar lugar,ninos grandes,170.7901060777583,4.567684504929088,nezahualcoyotl,H,francisco
canalizado colocar lugar,ninos grandes,171.7937311840444,3.630531361156825,chalco solidaridad,H,francisco
canalizado colocar lugar,intermedias,95.29274582468294,6.732599512100842,naucalpan de juarez,M,david
canalizado colocar lugar,intermedias,143.5904970267368,4.958675908349601,toluca,M,david
canalizado colocar lugar,villa juvenil,192.2215673956474,0.7843116242680496,toluca,H,francisco
canalizado colocar lugar,ninos grandes,164.580976221256,0.9911019849418207,chicoloapan,H,francisco
canalizado colocar lugar,intermedias,127.6222414127759,4.781056776721848,toluca,M,david
canalizado colocar lugar,intermedias,87.72214537423218,9.060922343274926,cuautitlan izcalli,M,david
canalizado colocar lugar,intermedias,117.1231832718766,4.982283317767406,toluca,M,david
canalizado colocar lugar,intermedias,130.9368515644493,4.21386147097471,toluca,M,david
canalizado colocar lugar,ninos grandes,128.0745191602773,8.856827794272473,tlanepantla de baz,H,francisco
canalizado colocar lugar,casvh,184.5034595526758,4.726626267242255,toluca,H,ara
canalizado colocar lugar,intermedias,126.8134466839518,4.348028605950189,toluca,M,david
canalizado colocar lugar,casvh,152.4261199920741,4.382508341371998,tlalmanalco,M,ara
canalizado colocar lugar,villa juvenil,21.63581287492372,2.480378244242311,toluca,H,david
canalizado colocar lugar,ninos grandes,173.5894090475654,2.982987478255761,naucalpan de juarez,H,francisco
canalizado colocar lugar,casvh,184.781783801632,4.875355374948466,toluca,H,ara
canalizado colocar lugar,intermedias,126.5587114606472,3.865093078435178,toluca,M,david
canalizado colocar lugar,ninos grandes,130.6097485322392,6.162051813608675,tlanepantla de baz,H,francisco
canalizado colocar lugar,intermedias,122.5379769677318,3.794661190965092,toluca,M,david
canalizado colocar lugar,intermedias,81.61549610627334,7.081312213021954,toluca,M,david
canalizado colocar lugar,casvh,182.1165194160249,4.291125038450539,toluca,H,ara
canalizado colocar lugar,intermedias,96.13997392044979,4.94182479792628,naucalpan de juarez,M,david
canalizado colocar lugar,casvh,137.8907402714751,6.514878035870127,toluca,M,francisco
canalizado colocar lugar,intermedios,104.5027975482171,7.496546751141704,toluca,H,david
canalizado colocar lugar,casvh,182.2418497459988,3.384613783675962,toluca,H,ara
canalizado colocar lugar,intermedias,95.96288672935842,5.631412352518098,naucalpan de juarez,M,david
canalizado colocar lugar,intermedias,126.8581053097965,3.828757595414543,toluca,M,david
canalizado colocar lugar,intermedias,74.85476989412986,12.15107477144439,toluca,M,david
canalizado colocar lugar,casvh,150.7894566639258,6.836450058077218,ecatepec de morelos,M,ara
canalizado colocar lugar,intermedias,83.11974296057747,5.240613013159593,toluca,M,david
canalizado colocar lugar,villa juvenil,210.4779965886311,2.455878451957896,chicoloapan,H,francisco
canalizado colocar lugar,intermedias,126.7773357628254,4.279568317981438,toluca,M,david
canalizado colocar lugar,ninos grandes,158.2769342307837,4.622909298481956,chicoloapan,H,francisco
canalizado colocar lugar,ninos grandes,103.6771786476331,9.484278045960936,toluca,H,david
canalizado colocar lugar,ninos grandes,155.0144647459081,5.091370065716594,toluca,H,francisco
canalizado colocar lugar,villa juvenil,180.3417748963035,3.817242875039277,toluca,H,francisco
canalizado colocar lugar,villa juvenil,210.8881840670291,2.824119960287656,chicoloapan,H,francisco
canalizado colocar lugar,ninos grandes,153.1760618726425,4.440547030627498,tultitlan,H,francisco
canalizado colocar lugar,intermedias,78.95339839833186,6.637029716560005,toluca,M,david
canalizado colocar lugar,intermedias,74.40913654014304,4.022225716748451,toluca,M,david
canalizado colocar lugar,intermedias,130.7636371045729,5.207552265714097,toluca,M,david
canalizado colocar lugar,intermedias,74.37696686405013,13.60642379673826,toluca,M,david
canalizado colocar lugar,casvh,180.5833090895214,2.684067273155371,toluca,H,ara
canalizado colocar lugar,casvh,134.110663306025,8.007299673112705,toluca,M,ara
canalizado colocar lugar,ninos grandes,194.4520039166971,4.317980121087009,toluca,H,francisco
canalizado colocar lugar,villa juvenil,208.2387513861002,3.000535797396007,chicoloapan,H,francisco
canalizado colocar lugar,casvh,151.6655598617184,4.400100159028232,tlalmanalco,M,ara
canalizado colocar lugar,villa juvenil,186.1784160302807,4.635831646349163,toluca,H,francisco
canalizado colocar lugar,intermedias,74.5127172929528,12.22344232812562,toluca,M,david
canalizado colocar lugar,intermedias,126.5302549708289,4.252899281643796,toluca,M,david
canalizado colocar lugar,intermedias,82.88474871651144,5.972362174497034,toluca,M,david
canalizado colocar lugar,ninos grandes,163.569484739889,0.9911019849418207,toluca,H,francisco
canalizado colocar lugar,intermedias,83.97821450936465,6.257984882126191,toluca,M,david
canalizado colocar lugar,casvh,133.7814723276302,8.465884600489165,toluca,M,ara
canalizado colocar lugar,casvh,152.2909332580288,5.454674495727216,jocotitlan,M,ara
canalizado colocar lugar,villa juvenil,207.9590494038046,3.073557800189001,chicoloapan,H,francisco
canalizado colocar lugar,intermedias,127.6365966278751,5.736951932912096,toluca,M,david
canalizado colocar lugar,ninos grandes,171.9809703559981,4.624338059454193,naucalpan de juarez,H,francisco
canalizado colocar lugar,intermedias,126.5234829894926,3.798305768537967,toluca,M,david
canalizado colocar lugar,villa juvenil,209.8036225721376,3.021713147521018,chicoloapan,H,francisco
canalizado colocar lugar,ninos grandes,193.119774457328,3.025534109427489,toluca,H,francisco
canalizado colocar lugar,ninos grandes,129.266485738495,5.722923275344737,tlanepantla de baz,H,francisco
canalizado colocar lugar,casvh,131.8940206543537,9.650305377175744,toluca,M,ara
canalizado colocar lugar,intermedias,74.257451037368,12.57042483612942,toluca,M,david
canalizado colocar lugar,intermedias,141.1455545912379,3.429686760124999,toluca,M,david
canalizado colocar lugar,intermedias,96.26055061079656,6.527203877557898,naucalpan de juarez,M,david
canalizado colocar lugar,villa juvenil,192.6500427014786,1.685566639373556,toluca,H,francisco
canalizado colocar lugar,ninos grandes,173.5403032750311,3.296460904115039,chalco solidaridad,H,francisco
canalizado colocar lugar,intermedias,119.7163405207325,3.805124387461875,toluca,M,david
canalizado colocar lugar,villa juvenil,202.5592220459485,2.767896699478325,toluca,H,francisco
canalizado colocar lugar,intermedias,74.58106236445076,13.11902827803442,toluca,M,david
canalizado colocar lugar,ninos grandes,157.4733958196969,1.693748025425134,chicoloapan,H,francisco
canalizado colocar lugar,intermedias,87.26043066814383,5.83789510370999,toluca,M,david
canalizado colocar lugar,intermedias,83.90980194273725,5.447227354022515,toluca,M,david
canalizado colocar lugar,casvh,151.3290055208195,6.334368811105627,tlalmanalco,M,ara
canalizado colocar lugar,intermedias,89.0602238408075,11.78717535556855,cuautitlan izcalli,M,david
canalizado colocar lugar,intermedias,58.32128457819426,5.772174322282286,toluca,M,david
canalizado colocar lugar,casvh,182.4876571120699,4.35175072987919,toluca,H,ara
canalizado colocar lugar,intermedias,126.0841581409371,4.033510007018379,toluca,M,david
canalizado colocar lugar,ninos grandes,170.8764896044154,3.736825638651402,nezahualcoyotl,H,francisco
canalizado colocar lugar,intermedias,135.3233278156648,6.295506770250019,amecameca,M,david
canalizado colocar lugar,intermedias,98.80891624068416,6.076129559927057,naucalpan de juarez,M,david
canalizado colocar lugar,intermedias,80.76390698808484,5.352272647263441,toluca,M,david
canalizado colocar lugar,intermedias,115.4365127062093,5.465400958679209,toluca,M,david
canalizado colocar lugar,villa juvenil,200.8803460306627,1.773273161957263,toluca,H,francisco
canalizado colocar lugar,ninos grandes,158.2396999065347,2.095385544327665,toluca,H,francisco
canalizado colocar lugar,intermedios,111.883919114124,6.531158259797549,ocoyoacac,H,david
canalizado colocar lugar,casvh,151.033171408945,6.483600266737037,tlalmanalco,M,ara
canalizado colocar lugar,casvh,152.1338843748396,6.155379051202505,ecatepec de morelos,M,ara
canalizado colocar lugar,intermedias,82.89172818197044,5.129808428709644,toluca,M,david
canalizado colocar lugar,ninos grandes,153.0395641435495,4.431569131962586,ocoyoacac,H,francisco
canalizado colocar lugar,ninos grandes,151.5643437111925,2.931941416044333,ocoyoacac,H,francisco
canalizado colocar lugar,intermedias,130.8321364853984,4.158860731277645,toluca,M,david
canalizado colocar lugar,intermedias,57.40562155202544,3.035967507670903,toluca,M,david
canalizado colocar lugar,intermedias,84.01327234291564,5.472516216425402,toluca,M,david
canalizado colocar lugar,intermedios,106.4051175654583,6.589305915932744,ocoyoacac,H,david
canalizado colocar lugar,intermedias,55.46865608295749,6.431134338577129,toluca,M,david
canalizado colocar lugar,ninos grandes,189.5940120006052,3.837202220765904,toluca,H,francisco
canalizado colocar lugar,intermedias,89.19779621725604,9.91555367045684,cuautitlan izcalli,M,david
canalizado colocar lugar,intermedios,103.1445464877148,8.30714459855608,toluca,H,david
canalizado colocar lugar,intermedios,112.165016876208,5.579136694001622,ocoyoacac,H,david
canalizado colocar lugar,villa juvenil,209.6520416930936,3.088836555650678,chicoloapan,H,francisco
canalizado colocar lugar,ninos grandes,158.6415817181299,4.747113618108981,chicoloapan,H,francisco
canalizado colocar lugar,casvh,181.4665866601825,3.787365377067026,toluca,H,ara
canalizado colocar lugar,ninos grandes,171.4819989646112,4.802487831051926,nezahualcoyotl,H,francisco
canalizado colocar lugar,intermedias,117.5508166318781,4.684741478999781,toluca,M,david
canalizado colocar lugar,villa juvenil,209.1469865765799,2.795489947316732,chicoloapan,H,francisco
canalizado colocar lugar,villa juvenil,209.5975616985118,2.333896161051153,toluca,H,francisco
canalizado colocar lugar,casvh,184.4957466967896,4.552750144084905,toluca,H,ara
canalizado colocar lugar,intermedias,134.0490997756772,7.390320945728012,toluca,M,david
canalizado colocar lugar,intermedias,128.1868710439497,6.644661851788841,toluca,M,david
canalizado colocar lugar,ninos grandes,128.2892299558622,8.64349334994129,tlanepantla de baz,H,francisco
canalizado colocar lugar,casvh,151.9898708248392,6.394037416389872,tlalmanalco,M,ara
canalizado colocar lugar,casvh,151.4831137580283,7.890545564165281,tlalmanalco,M,ara
canalizado colocar lugar,casvh,152.1290211775139,6.549688415733457,tlalmanalco,M,ara
canalizado colocar lugar,villa juvenil,209.7690453575355,2.534723681902187,toluca,H,francisco
canalizado colocar lugar,intermedias,66.93062707008855,11.84850594241223,toluca,M,francisco
canalizado colocar lugar,ninos grandes,185.7476331550221,3.606119590711537,toluca,H,francisco
canalizado colocar lugar,intermedias,98.98959654515723,6.092287427701711,naucalpan de juarez,M,david
canalizado colocar lugar,intermedias,123.995643689892,4.289965417634801,toluca,M,david
canalizado colocar lugar,intermedias,57.6164577570913,3.665993450163908,toluca,M,david
canalizado colocar lugar,intermedias,79.36508178534298,6.570992314876473,toluca,M,david
canalizado colocar lugar,villa juvenil,195.8909737020039,4.193158437759279,toluca,H,francisco
canalizado colocar lugar,casvh,184.495928676166,4.52724904008575,toluca,H,ara
canalizado colocar lugar,ninos grandes,152.3085973657618,4.204620099635565,ocoyoacac,H,francisco
canalizado colocar lugar,intermedios,112.080744341029,5.864550815764622,ocoyoacac,H,david
canalizado colocar lugar,ninos grandes,173.2848251323741,4.097945107666253,chalco solidaridad,H,francisco
canalizado colocar lugar,intermedias,83.07315409228075,5.099679294018427,toluca,M,david
canalizado colocar lugar,intermedias,128.3781041134139,5.180600521061117,toluca,M,david
canalizado colocar lugar,villa juvenil,209.3712649957815,3.583953001442873,chicoloapan,H,francisco
canalizado colocar lugar,intermedios,105.0756050339902,9.086801761849193,toluca,H,david
canalizado colocar lugar,casvh,132.0597333593127,9.909601117533796,toluca,M,ara
canalizado colocar lugar,ninos grandes,154.8696700670918,5.100915961525854,toluca,H,francisco
canalizado colocar lugar,ninos grandes,144.768972269293,4.19881839192051,toluca,H,francisco
canalizado colocar lugar,intermedios,106.0399684519989,7.279208163007913,ocoyoacac,H,david
canalizado colocar lugar,ninos grandes,138.3226494331974,6.88411827596431,toluca,M,david
canalizado colocar lugar,ninos grandes,129.6989379956061,7.242821900195777,tlanepantla de baz,H,francisco
canalizado colocar lugar,intermedias,87.46265837362675,6.062691062526649,toluca,M,david
canalizado colocar lugar,casvh,150.7376792176813,6.896137248851912,ecatepec de morelos,M,ara
canalizado colocar lugar,casvh,180.5124434828226,2.969216976300554,toluca,H,ara
canalizado colocar lugar,ninos grandes,135.9313710077219,4.561262477732479,amecameca,H,francisco
canalizado colocar lugar,ninos grandes,154.9650901032957,4.907907373688015,toluca,H,francisco
canalizado colocar lugar,casvh,184.6448017040249,4.800370934387798,toluca,H,ara
canalizado colocar lugar,ninos grandes,170.0540679024105,4.215743429180944,nezahualcoyotl,H,francisco
canalizado colocar lugar,intermedios,111.8151987756257,4.934173460909547,ocoyoacac,H,david
canalizado colocar lugar,casvh,152.2827954079779,6.575039876364531,tlalmanalco,M,ara
canalizado colocar lugar,intermedias,133.5902417633427,4.489909609402634,amecameca,M,david
canalizado colocar lugar,intermedias,81.21241684253832,5.239980664325147,toluca,M,david
canalizado colocar lugar,casvh,152.2629463996889,6.714131660200036,ecatepec de morelos,M,ara
canalizado colocar lugar,casvh,183.5794316896868,3.346484658261682,toluca,H,ara
canalizado colocar lugar,casvh,180.7331662613418,2.106335965456426,toluca,H,ara
canalizado colocar lugar,ninos grandes,157.9826825675845,2.543680749325817,toluca,H,francisco
canalizado colocar lugar,casvh,152.0878617269428,6.695240287958859,tlalmanalco,M,ara
canalizado colocar lugar,ninos grandes,170.1444184638499,5.234696983192761,chalco solidaridad,H,francisco
canalizado colocar lugar,intermedias,80.47082980949422,5.12064910183617,toluca,M,david
canalizado colocar lugar,ninos grandes,154.2297462289974,5.031879059490588,ecatepec de morelos,H,francisco
canalizado colocar lugar,casvh,110.0835023165994,3.79262839069982,ocoyoacac,M,ara
canalizado colocar lugar,intermedias,58.70975610300078,7.306467082729158,toluca,M,francisco
canalizado colocar lugar,casvh,150.761143599882,6.826962897131211,ecatepec de morelos,M,ara
canalizado colocar lugar,ninos grandes,162.6453022000764,0.9911019849418207,toluca,H,francisco
canalizado colocar lugar,casvh,151.4122890114544,5.124520507006512,tlalmanalco,M,ara
canalizado colocar lugar,intermedias,79.96714579055441,4.41615331964408,toluca,M,david
canalizado colocar lugar,casvh,184.779499567761,3.653065981140295,toluca,H,ara
canalizado colocar lugar,casvh,132.3284133244029,9.417025689316892,toluca,M,ara
canalizado colocar lugar,villa juvenil,191.7524683508723,3.236785248236138,toluca,H,francisco
canalizado colocar lugar,casvh,182.0406943552372,4.044184707136139,toluca,H,ara
canalizado colocar lugar,intermedios,107.6361856961054,6.069033824485616,ocoyoacac,H,david
canalizado colocar lugar,casvh,133.4100723129891,8.770168754442,toluca,M,ara
canalizado colocar lugar,ninos grandes,194.7600690668004,4.897261670325669,toluca,H,francisco
canalizado colocar lugar,intermedias,78.83280933384061,6.464627948474037,toluca,M,david
canalizado colocar lugar,villa juvenil,180.6635538141176,3.920437228981501,toluca,H,francisco
canalizado colocar lugar,intermedias,79.96714579055441,4.41615331964408,toluca,M,david
canalizado colocar lugar,casvh,131.6206970023964,8.8390287580966,toluca,M,ara
canalizado colocar lugar,ninos grandes,155.0233939273234,5.095380839094173,toluca,H,francisco
canalizado colocar lugar,intermedios,102.1869738428562,6.386134905702084,toluca,H,david
egresos no autorizados,ninas grandes,121.8168890987777,6.0264719613046,toluca,M,ariana
egresos no autorizados,ninas grandes,154.6520620722908,3.462925711329731,toluca,M,ariana
egresos no autorizados,ninas grandes,139.099901594354,4.438650568373166,toluca,M,ariana
egresos no autorizados,ninas grandes,136.1813060039858,4.333065609001999,toluca,M,ariana
egresos no autorizados,casvh,187.2806696373294,2.577652524094613,toluca,M,ara
egresos no autorizados,villa juvenil,199.1843916276201,2.108335657760093,zinacantepec,H,francisco
egresos no autorizados,ninas grandes,206.921127040174,2.518312531560555,toluca,M,ariana
egresos no autorizados,ninas grandes,162.7834745644069,5.521425507479043,toluca,M,ariana
egresos no autorizados,villa juvenil,216.0043729431548,2.15038972209402,toluca,H,francisco
egresos no autorizados,villa juvenil,194.9796423873427,4.609100423341178,toluca,H,francisco
egresos no autorizados,ninas grandes,164.6976146248337,7.607901751730224,toluca,M,ariana
egresos no autorizados,ninas grandes,161.9213398016844,4.579228730030379,toluca,M,ariana
egresos no autorizados,ninas grandes,179.4425358408957,1.665093241446303,cuautitlan izcalli,M,ariana
egresos no autorizados,ninas grandes,143.3014177207843,3.701777733985351,toluca,M,ariana
egresos no autorizados,ninas grandes,175.087131771842,3.249744479770619,toluca,M,ariana
egresos no autorizados,casvh,187.6325880617098,2.746471399694016,toluca,M,ara
egresos no autorizados,ninas grandes,131.5309600486951,3.635868583445377,toluca,M,ariana
egresos no autorizados,ninas grandes,143.2005618705122,2.522515166986276,toluca,M,ariana
egresos no autorizados,ninas grandes,139.7190029619429,3.960347440480697,toluca,M,ariana
egresos no autorizados,ninas grandes,121.0823436609471,5.593420551260099,toluca,M,ariana
egresos no autorizados,villa juvenil,200.7919763979298,2.009078638442875,zinacantepec,H,francisco
egresos no autorizados,casvh,185.5046639523476,4.069438382329914,toluca,M,ara
egresos no autorizados,ninas grandes,210.487177796033,4.771975636146829,toluca,M,ariana
egresos no autorizados,ninas grandes,172.7813633716341,2.686301206519636,toluca,M,ariana
egresos no autorizados,ninas grandes,179.5517873387764,1.651516213149443,cuautitlan izcalli,M,ariana
egresos no autorizados,ninas grandes,141.3142348065733,5.019679932798069,toluca,M,ariana
egresos no autorizados,ninas grandes,168.0130608415383,1.817914072272163,toluca,M,ariana
egresos no autorizados,ninas grandes,116.6711208772715,5.022977387919364,toluca,M,ariana
egresos no autorizados,ninas grandes,207.7280169353548,1.983185377226213,toluca,M,ariana
egresos no autorizados,ninas grandes,165.9955492080039,1.700264243157225,toluca,M,ariana
egresos no autorizados,ninas grandes,210.722671618424,4.878960732878212,toluca,M,ariana
egresos no autorizados,ninas grandes,172.9787788030913,1.027742508429835,toluca,M,ariana
egresos no autorizados,ninas grandes,181.2876468974388,1.746036224656334,cuautitlan izcalli,M,ariana
egresos no autorizados,ninas grandes,195.5355849595118,5.06897523813687,toluca,M,ariana
egresos no autorizados,ninas grandes,179.7761988918851,1.715252680583751,toluca,M,ariana
egresos no autorizados,ninas grandes,181.1636240857289,1.482226786368312,cuautitlan izcalli,M,ariana
egresos no autorizados,ninas grandes,115.1230307370429,4.18672361705381,toluca,M,ariana
egresos no autorizados,villa juvenil,200.248642952131,3.86482173691369,zinacantepec,H,francisco
egresos no autorizados,ninas grandes,139.9290142916124,4.028679101348297,toluca,M,ariana
egresos no autorizados,ninas grandes,154.5151207080644,3.437951498712112,toluca,M,ariana
egresos no autorizados,villa juvenil,215.9842270361287,4.055856761645079,toluca,H,francisco
egresos no autorizados,ninas grandes,123.7589439479129,4.050955251845091,toluca,M,ariana
egresos no autorizados,ninas grandes,141.3623590139358,5.016303599995552,toluca,M,ariana
egresos no autorizados,ninas grandes,184.9346260112786,1.729361352043395,toluca,M,ariana
egresos no autorizados,ninas grandes,141.3531221755484,4.762655578065814,toluca,M,ariana
egresos no autorizados,ninas grandes,134.3312951313319,4.506949047345417,toluca,M,ariana
egresos no autorizados,ninas grandes,204.0350100840566,1.822116868533355,toluca,M,ariana
egresos no autorizados,ninas grandes,153.9662489114814,3.373265726193169,toluca,M,ariana
egresos no autorizados,ninas grandes,175.3743629545961,2.614771377680468,cuautitlan izcalli,M,ariana
egresos no autorizados,ninas grandes,108.4114012200166,3.983186234450795,toluca,M,ariana
egresos no autorizados,ninas grandes,195.3744518369354,5.024784810485218,toluca,M,ariana
egresos no autorizados,ninas grandes,173.3671304023376,2.733139973526983,toluca,M,ariana
egresos no autorizados,ninas grandes,135.1659829464912,4.29341538302173,toluca,M,ariana
egresos no autorizados,ninas grandes,210.7306489583493,4.882584846984093,toluca,M,ariana
egresos no autorizados,ninas grandes,194.9065021514325,4.9231528112081,toluca,M,ariana
egresos no autorizados,ninas grandes,96.95805028980485,6.634116578127863,toluca,M,ariana
egresos no autorizados,villa juvenil,195.1707889532508,4.412132806233206,toluca,H,francisco
egresos no autorizados,ninas grandes,172.8025486441418,2.303063174624488,toluca,M,ariana
egresos no autorizados,ninas grandes,131.3327969340184,3.82412354238819,toluca,M,ariana
egresos no autorizados,ninas grandes,157.6582104608618,3.969020591927849,toluca,M,francisco
egresos no autorizados,ninas grandes,195.1706956606199,5.155977129064904,toluca,M,ariana
egresos no autorizados,ninas grandes,207.3607098329186,1.346310190116759,toluca,M,ariana
egresos no autorizados,ninas grandes,156.1684858761619,5.232244156964255,toluca,M,ariana
egresos no autorizados,villa juvenil,201.3398434191437,4.705659359358188,toluca,H,francisco
egresos no autorizados,ninas grandes,134.6926842671345,4.401323644852751,toluca,M,ariana
egresos no autorizados,ninas grandes,156.9637624994927,3.990094085651151,toluca,M,ariana
egresos no autorizados,ninas grandes,207.768995792101,2.266253805923375,toluca,M,ariana
egresos no autorizados,ninas grandes,204.0982698640975,1.76412873682911,toluca,M,ariana
egresos no autorizados,ninas grandes,131.3377216471545,3.81944506490887,toluca,M,ariana
egresos no autorizados,ninas grandes,141.3580364921146,5.306836804699329,toluca,M,ariana
egresos no autorizados,ninas grandes,206.9321549172712,1.820870100715515,toluca,M,ariana
egresos no autorizados,ninas grandes,195.5729149489954,4.998383270844139,toluca,M,ariana
egresos no autorizados,ninas grandes,180.4964936598072,1.619039875259023,cuautitlan izcalli,M,ariana
egresos no autorizados,ninas grandes,156.7319055591148,4.975394466490854,toluca,M,ariana
egresos no autorizados,ninas grandes,208.7777295022758,3.891108894129907,toluca,M,ariana
egresos no autorizados,ninas grandes,103.2263708951626,5.487467533964148,toluca,M,ariana
egresos no autorizados,ninas grandes,139.6525336269619,3.973424622555252,toluca,M,ariana
egresos no autorizados,ninas grandes,199.5321824730615,2.421107970994562,toluca,M,ariana
egresos no autorizados,villa juvenil,201.0003059600963,1.058340205851922,zinacantepec,H,francisco
egresos no autorizados,ninas grandes,162.7670699335605,5.503776891141072,toluca,M,ariana
egresos no autorizados,ninas grandes,135.9034997936955,4.084510890973126,toluca,M,ariana
egresos no autorizados,villa juvenil,201.1544898511426,0.6199290034001453,zinacantepec,H,francisco
egresos no autorizados,ninas grandes,163.448948790409,6.247087226621113,toluca,M,ariana
egresos no autorizados,ninas grandes,120.9844455419884,5.724903163805942,toluca,M,ariana
egresos no autorizados,ninas grandes,166.1444635905405,1.665672774942194,toluca,M,ariana
egresos no autorizados,ninas grandes,179.9830247193712,1.667472900539092,cuautitlan izcalli,M,ariana
egresos no autorizados,villa juvenil,215.3255935918241,0.6802669778457969,toluca,H,francisco
egresos no autorizados,villa juvenil,194.0825768526215,4.44429536362026,toluca,H,francisco
egresos no autorizados,ninas grandes,206.2897723399362,1.802345277154104,toluca,M,ariana
egresos no autorizados,ninas grandes,141.7921213466587,5.790784249341234,toluca,M,ariana
egresos no autorizados,ninas grandes,138.3206885901942,5.094620699426058,toluca,M,ariana
egresos no autorizados,ninas grandes,153.6835753523026,3.43002854854805,toluca,M,ariana
egresos no autorizados,ninas grandes,135.2041128211834,4.032042159605929,toluca,M,ariana
egresos no autorizados,ninas grandes,105.3815567960551,5.264578384599822,toluca,M,ariana
egresos no autorizados,ninas grandes,135.9206993115823,4.195727105610973,toluca,M,ariana
egresos no autorizados,ninas grandes,204.6268402395989,1.823107475268494,toluca,M,ariana
egresos no autorizados,ninas grandes,107.6690513920647,4.555414226830363,toluca,M,ariana
egresos no autorizados,ninas grandes,134.663810920245,3.971063204906849,toluca,M,ariana
egresos no autorizados,villa juvenil,202.1439777485712,1.120551785852943,zinacantepec,H,francisco
egresos no autorizados,ninas grandes,121.997594319497,3.481902180374552,toluca,M,ariana
egresos no autorizados,villa juvenil,214.4207481640785,0.7239833658067466,toluca,H,francisco
egresos no autorizados,casvh,185.7801491534424,4.157904995871894,toluca,M,ara
egresos no autorizados,ninas grandes,204.7511078565475,1.801932145453395,toluca,M,ariana
egresos no autorizados,ninas grandes,129.6658348560238,3.999450080269793,toluca,M,ariana
egresos no autorizados,villa juvenil,200.9288307713087,0.9757868000318527,zinacantepec,H,francisco
egresos no autorizados,ninas grandes,135.7207392197125,4.090349075975359,toluca,M,ariana
egresos no autorizados,ninas grandes,132.0293438946875,3.786256312869754,toluca,M,ariana
egresos no autorizados,ninas grandes,121.8237174704115,4.597714337715531,toluca,M,ariana
egresos no autorizados,casvh,186.9746446667176,2.960750612846262,toluca,M,ara
egresos no autorizados,ninas grandes,165.5512522387456,1.591993913675674,toluca,M,ariana
egresos no autorizados,villa juvenil,201.7746173614519,1.070153537310284,zinacantepec,H,francisco
egresos no autorizados,ninas grandes,115.7903796288756,4.120988416984275,toluca,M,ariana
egresos no autorizados,ninas grandes,195.7087401558913,4.981706661040401,toluca,M,ariana
egresos no autorizados,ninas grandes,206.6577500910779,1.688409801048127,toluca,M,ariana
egresos no autorizados,ninas grandes,167.9473569057079,3.813782843336152,toluca,M,ariana
egresos no autorizados,villa juvenil,200.0175256119197,3.704320970639098,toluca,H,francisco
egresos no autorizados,ninas grandes,195.1557510534408,4.852975538020407,toluca,M,ariana
egresos no autorizados,ninas grandes,135.4686523764239,4.186982365902652,toluca,M,ariana
egresos no autorizados,ninas grandes,140.1660010944809,3.975748935117156,toluca,M,ariana
egresos no autorizados,ninas grandes,184.5529876854627,1.19405138821904,toluca,M,ariana
egresos no autorizados,ninas grandes,207.426241560552,4.103969245622048,toluca,M,ariana
egresos no autorizados,villa juvenil,200.7213996789278,4.433751733874312,toluca,H,francisco
egresos no autorizados,ninas grandes,177.0478203050576,3.615731226539507,toluca,M,ariana
egresos no autorizados,casvh,186.2752892995083,3.438094619936956,toluca,M,ara
egresos no autorizados,villa juvenil,194.957368458969,4.512034355646433,toluca,H,francisco
egresos no autorizados,ninas grandes,154.7513041114348,2.088536052883566,toluca,M,ariana
egresos no autorizados,casvh,187.2978683566479,2.623910513616251,toluca,M,ara
egresos no autorizados,ninas grandes,129.3813440193769,3.418417002246166,toluca,M,ariana
egresos no autorizados,ninas grandes,107.5117262253292,4.676685709522314,toluca,M,ariana
egresos no autorizados,villa juvenil,201.5049313310884,0.4941176525228784,zinacantepec,H,francisco
egresos no autorizados,ninas grandes,153.7905544147844,3.331964407939767,toluca,M,ariana
egresos no autorizados,ninas grandes,133.5319872205507,4.463437580333897,toluca,M,ariana
egresos no autorizados,ninas grandes,131.4059184229397,3.754658127912912,toluca,M,ariana
egresos no autorizados,ninas grandes,138.0976933088046,5.282346318963166,toluca,M,ariana
egresos no autorizados,ninas grandes,156.1006582630314,5.754271884004088,toluca,M,ariana
egresos no autorizados,villa juvenil,194.7943933927974,3.186726361563593,toluca,H,francisco
egresos no autorizados,ninas grandes,174.240294724775,3.142699333891555,toluca,M,ariana
egresos no autorizados,ninas grandes,121.983881958138,4.471458013295589,toluca,M,ariana
egresos no autorizados,villa juvenil,201.177188441442,0.5912506769464897,zinacantepec,H,francisco
egresos no autorizados,villa juvenil,201.3937694327492,4.770767569501928,toluca,H,francisco
egresos no autorizados,ninas grandes,96.00045693076814,5.872244506052816,toluca,M,ariana
egresos no autorizados,ninas grandes,135.3665157775061,4.050371102183029,toluca,M,ariana
egresos no autorizados,ninas grandes,165.9176598854342,1.67085255528269,toluca,M,ariana
egresos no autorizados,ninas grandes,172.8458125508638,1.559164334043659,toluca,M,ariana
egresos no autorizados,villa juvenil,191.0498471439399,1.866514810970712,toluca,H,francisco
egresos no autorizados,ninas grandes,121.9824806817169,4.485389666648433,toluca,M,ariana
egresos no autorizados,ninas grandes,188.5297868140007,2.446509700532455,toluca,M,ariana
egresos no autorizados,ninas grandes,167.8148834961356,4.6908982318432,toluca,M,ariana
egresos no autorizados,ninas grandes,107.714360540335,4.520488425038709,toluca,M,ariana
egresos no autorizados,ninas grandes,172.8078851416197,2.211305065212343,toluca,M,ariana
egresos no autorizados,ninas grandes,161.6719751063853,4.309039189618177,toluca,M,ariana
egresos no autorizados,ninas grandes,153.8467738173243,3.220696840412892,toluca,M,ariana
egresos no autorizados,villa juvenil,200.8952527559395,0.9474597419632222,zinacantepec,H,francisco
egresos no autorizados,ninas grandes,139.9522591021809,3.943361069907811,toluca,M,ariana
egresos no autorizados,ninas grandes,198.4265923987611,1.775593316111714,toluca,M,ariana
egresos no autorizados,casvh,187.7809498107292,2.924662977440314,toluca,M,ara
egresos no autorizados,villa juvenil,200.8667320015496,0.7172051261418073,zinacantepec,H,francisco
egresos no autorizados,casvh,185.4851697761397,2.937577104835095,toluca,M,ara
egresos no autorizados,ninas grandes,103.5096209438017,5.491237204795126,toluca,M,ariana
egresos no autorizados,ninas grandes,167.9123380778281,3.819035667518123,toluca,M,ariana
egresos no autorizados,ninas grandes,204.3850105123201,1.732685953327684,toluca,M,ariana
egresos no autorizados,villa juvenil,200.6650031946051,4.351411775033256,toluca,H,francisco
egresos no autorizados,ninas grandes,162.8671127519855,5.612993692154083,toluca,M,ariana
egresos no autorizados,ninas grandes,87.48960994732954,5.921027527968145,toluca,M,ariana
egresos no autorizados,ninas grandes,139.5255859877941,4.080293808589415,toluca,M,ariana
egresos no autorizados,villa juvenil,199.8687530625468,3.510118406015805,toluca,H,francisco
egresos no autorizados,ninas grandes,108.6014170856669,3.836715671345329,toluca,M,ariana
egresos no autorizados,ninas grandes,133.5045397931973,4.227646518517145,toluca,M,ariana
egresos no autorizados,ninas grandes,136.4704239675699,4.155577196190959,toluca,M,ariana
egresos no autorizados,ninas grandes,165.6508734865049,1.680995109552468,toluca,M,ariana
egresos no autorizados,villa juvenil,200.9640166064564,0.439135828480392,zinacantepec,H,francisco
egresos no autorizados,ninas grandes,202.6612462245248,1.311628932912982,toluca,M,ariana
egresos no autorizados,ninas grandes,107.2880746526185,4.849083796820122,toluca,M,ariana
egresos no autorizados,ninas grandes,181.5961919418923,1.438843581243118,cuautitlan izcalli,M,ariana
egresos no autorizados,ninas grandes,165.918763029526,1.675461604374028,toluca,M,ariana
egresos no autorizados,ninas grandes,210.7390153887574,4.886385725314642,toluca,M,ariana
egresos no autorizados,ninas grandes,175.0804506988445,3.464328628696936,toluca,M,ariana
egresos no autorizados,ninas grandes,167.9796057277515,3.872754299582534,toluca,M,ariana
egresos no autorizados,ninas grandes,114.6709388198923,4.273040045290984,toluca,M,ariana
egresos no autorizados,ninas grandes,153.7905544147844,3.331964407939767,toluca,M,ariana
egresos no autorizados,ninas grandes,169.7076974257793,4.16187929541635,toluca,M,ariana
egresos no autorizados,ninas grandes,178.4740632325781,1.714491348536772,toluca,M,ariana
egresos no autorizados,ninas grandes,173.1522017677775,1.096745487112215,toluca,M,ariana
egresos no autorizados,villa juvenil,215.2190670207738,2.65240176390714,toluca,H,francisco
egresos no autorizados,ninas grandes,79.49304438021021,6.234241209946799,toluca,M,ariana
egresos no autorizados,villa juvenil,199.411014306978,3.022544625339527,toluca,H,francisco
egresos no autorizados,ninas grandes,135.1655295992874,4.303179430471654,toluca,M,ariana
egresos no autorizados,ninas grandes,167.9583166133415,4.23721388414059,toluca,M,ariana
egresos no autorizados,ninas grandes,133.7090047029331,4.61162247413041,toluca,M,ariana
egresos no autorizados,ninas grandes,205.035363876306,1.620120404012166,toluca,M,ariana
egresos no autorizados,ninas grandes,207.8150625827375,2.314168550182066,toluca,M,ariana
egresos no autorizados,ninas grandes,131.5923535964309,3.661329949339099,toluca,M,ariana
egresos no autorizados,ninas grandes,108.5851083769714,3.84928696763145,toluca,M,ariana
egresos no autorizados,ninas grandes,115.1735612178678,4.200031841968454,toluca,M,ariana
egresos no autorizados,ninas grandes,139.9651045186203,4.037406803304452,toluca,M,ariana
egresos no autorizados,ninas grandes,108.1505204013787,4.184281865484172,toluca,M,ariana
egresos no autorizados,ninas grandes,123.2466885293839,4.15620313237619,toluca,M,ariana
egresos no autorizados,casvh,187.8402904979002,2.964339909832975,toluca,M,ara
egresos no autorizados,ninas grandes,137.9210794110884,5.249918026594816,toluca,M,ariana
egresos no autorizados,casvh,185.29288627699,4.346080400450655,toluca,M,ara
egresos no autorizados,ninas grandes,156.9123636395141,3.894653088133699,toluca,M,ariana
egresos no autorizados,ninas grandes,175.7794208701376,4.996614056509117,toluca,M,ariana
egresos no autorizados,ninas grandes,166.4496228239678,1.69583893619185,toluca,M,ariana
egresos no autorizados,ninas grandes,168.0203511684786,1.721110947898606,toluca,M,ariana
egresos no autorizados,ninas grandes,138.4538047736264,4.982558606230509,toluca,M,ariana
egresos no autorizados,ninas grandes,156.9592009985086,3.98255628854821,toluca,M,ariana
egresos no autorizados,ninas grandes,141.8256421308755,4.320424714950306,toluca,M,ariana
egresos no autorizados,ninas grandes,206.6196625161501,2.110184752527565,toluca,M,ariana
egresos no autorizados,ninas grandes,201.2255588980238,1.384416969329908,toluca,M,ariana
egresos no autorizados,ninas grandes,135.3589902866485,4.22901950031657,toluca,M,ariana
egresos no autorizados,ninas grandes,157.0144904741994,3.993199992276681,toluca,M,francisco
egresos no autorizados,casvh,187.9532387909585,3.039860467500633,toluca,M,ara
egresos no autorizados,villa juvenil,213.3184593419914,1.346482467096038,toluca,H,francisco
egresos no autorizados,ninas grandes,172.8223014831699,1.963424081335879,toluca,M,ariana
egresos no autorizados,ninas grandes,142.0053312636406,4.143969147676718,toluca,M,ariana
egresos no autorizados,ninas grandes,143.2636385247923,3.672601799519117,toluca,M,ariana
egresos no autorizados,ninas grandes,140.2002831691449,3.938187512819158,toluca,M,ariana
egresos no autorizados,villa juvenil,213.3410896194281,1.208373134195428,toluca,H,francisco
egresos no autorizados,ninas grandes,165.7486730961912,1.770186788803851,toluca,M,ariana
egresos no autorizados,villa juvenil,201.4090665113788,5.272400372871361,toluca,H,francisco
egresos no autorizados,villa juvenil,184.3443355475659,1.181228188178304,toluca,M,francisco
egresos no autorizados,ninas grandes,133.6914391241674,4.216067777069986,toluca,M,ariana
egresos no autorizados,ninas grandes,136.7029059952085,4.607946355550127,toluca,M,ariana
egresos no autorizados,ninas grandes,187.444317970753,2.759713024334555,toluca,M,ariana
egresos no autorizados,ninas grandes,137.0979911940669,4.780765029443439,toluca,M,ariana
egresos no autorizados,villa juvenil,200.6093024321515,1.147249860343249,zinacantepec,H,francisco
egresos no autorizados,ninas grandes,165.7633994985077,1.783615424309445,toluca,M,ariana
egresos no autorizados,ninas grandes,170.4723708345015,5.259212852035295,toluca,M,ariana
egresos no autorizados,ninas grandes,139.2038917348936,4.351107848020926,toluca,M,ariana
egresos no autorizados,ninas grandes,154.1535908955364,3.385068148475307,toluca,M,ariana
egresos no autorizados,ninas grandes,121.9377138301834,4.642959095157935,toluca,M,ariana
egresos no autorizados,ninas grandes,184.6303639485707,4.265784899276305,toluca,M,ariana
egresos no autorizados,ninas grandes,172.866484307388,2.435444389946875,toluca,M,ariana
egresos no autorizados,ninas grandes,135.1861852676314,4.030018839913707,toluca,M,ariana
egresos no autorizados,ninas grandes,198.3537013695455,3.542262859641093,toluca,M,ariana
egresos no autorizados,ninas grandes,117.0597499923049,5.166152515829704,toluca,M,ariana
egresos no autorizados,casvh,187.9193771232967,3.01721955849586,toluca,M,ara
egresos no autorizados,casvh,185.4978933892797,4.316993497665722,toluca,M,ara
egresos no autorizados,ninas grandes,175.3879966490045,2.641991066765894,toluca,M,ariana
egresos no autorizados,ninas grandes,195.190740994326,4.536368816058998,toluca,M,ariana
egresos no autorizados,ninas grandes,130.0569532584892,4.146995642490189,toluca,M,ariana
egresos no autorizados,villa juvenil,192.4406101939831,3.210918300288126,toluca,H,francisco
egresos no autorizados,casvh,187.0289509350823,2.756865096489189,toluca,M,ara
egresos no autorizados,ninas grandes,134.5481492497854,2.478400659395108,toluca,M,ariana
egresos no autorizados,ninas grandes,157.1218566522702,4.386425387421215,toluca,M,ariana
egresos no autorizados,casvh,187.4315041917144,2.585571083885508,toluca,M,ara
egresos no autorizados,ninas grandes,138.731102626767,4.749119087005109,toluca,M,ariana
egresos no autorizados,ninas grandes,204.5545830644046,1.793472093071878,toluca,M,ariana
egresos no autorizados,ninas grandes,161.5640816774287,4.189157601888633,toluca,M,ariana
egresos no autorizados,villa juvenil,215.9504981207263,0.9382759528441925,toluca,H,francisco
egresos no autorizados,ninas grandes,139.8276034821018,3.9524388440427,toluca,M,ariana
egresos no autorizados,ninas grandes,144.2103192912352,1.583181385307933,toluca,M,ariana
egresos no autorizados,ninas grandes,166.6271738290702,1.718248053055214,toluca,M,ariana
egresos no autorizados,villa juvenil,199.4961693545104,2.133131824993835,zinacantepec,H,francisco
egresos no autorizados,ninas grandes,153.8153289629417,3.337788275603604,toluca,M,ariana
egresos no autorizados,ninas grandes,134.3832725175949,4.603044645120453,toluca,M,ariana
egresos no autorizados,ninas grandes,188.0146475228864,3.048746716302548,toluca,M,ariana
egresos no autorizados,villa juvenil,199.5285982213213,3.12459216569563,toluca,H,francisco
egresos no autorizados,ninas grandes,199.1610568016412,1.63909103815076,toluca,M,ariana
egresos no autorizados,ninas grandes,196.6083466126447,4.758994656570598,toluca,M,ariana
egresos no autorizados,ninas grandes,172.818020875313,2.321511682198258,toluca,M,ariana
egresos no autorizados,ninas grandes,206.4851275481197,5.059375892385037,toluca,M,ariana
egresos no autorizados,ninas grandes,121.98717632438,4.496215731677244,toluca,M,ariana
egresos no autorizados,ninas grandes,175.9093670812298,4.187134294188744,toluca,M,ariana
egresos no autorizados,villa juvenil,192.2171559756796,1.596130060897383,toluca,H,francisco
egresos no autorizados,ninas grandes,115.5488573957415,4.091134047717054,toluca,M,ariana
egresos no autorizados,ninas grandes,168.59493386292,2.61846705434281,toluca,M,ariana
egresos no autorizados,ninas grandes,131.7284066116551,3.821430790573833,toluca,M,ariana
egresos no autorizados,ninas grandes,169.2334604022011,3.317340105348143,toluca,M,ariana
egresos no autorizados,villa juvenil,215.832376423995,0.7339052157597453,toluca,H,francisco
egresos no autorizados,villa juvenil,200.7035561520225,4.228781961571948,toluca,H,francisco
egresos no autorizados,ninas grandes,184.8868710858215,1.760609452915296,toluca,M,ariana
egresos no autorizados,ninas grandes,198.0355481174106,3.109135828961603,toluca,M,ariana
egresos no autorizados,ninas grandes,156.1633251166588,5.127814352201683,toluca,M,ariana
egresos no autorizados,ninas grandes,139.3390286640568,4.237344616837618,toluca,M,ariana
egresos no autorizados,villa juvenil,213.4518021572536,0.527791792483683,toluca,H,francisco
egresos no autorizados,villa juvenil,195.1539279294953,3.366620948566473,toluca,H,francisco
egresos no autorizados,ninas grandes,157.0487262522414,3.937369769098731,toluca,M,ariana
egresos no autorizados,casvh,185.6944140735678,4.149369474260053,toluca,M,ara
egresos no autorizados,casvh,187.4379490200081,2.576941376083958,toluca,M,ara
egresos no autorizados,ninas grandes,172.8019628693226,2.313135247209584,toluca,M,ariana
egresos no autorizados,ninas grandes,180.7275828633109,1.493204942770463,cuautitlan izcalli,M,ariana
egresos no autorizados,ninas grandes,156.6272382321603,3.594424460734431,toluca,M,ariana
egresos no autorizados,casvh,185.3849281386285,3.801133156557708,toluca,M,ara
egresos no autorizados,ninas grandes,206.5994917681318,1.815555990667596,toluca,M,ariana
egresos no autorizados,ninas grandes,108.7676197309236,3.708601132293287,toluca,M,ariana
en juicio,casvh,140.6725425975358,8.726539257586584,toluca,H,ara
en juicio,casvh,195.1782301488971,6.042981883568181,toluca,H,ara
en juicio,lactantes,1.379931063838363,3.217587800709288,toluca,H,rene
en juicio,casvh,211.0752757053055,5.449699602380939,toluca,M,ara
en juicio,casvh,183.7614947644899,5.199279326992557,toluca,H,ara
en juicio,casvh,117.788060260783,7.25164072809848,zumpango,M,ara
en juicio,casvh,211.7780799846833,3.797927611446409,toluca,M,ara
en juicio,casvh,122.483329471627,2.408352681845217,zumpango,M,ara
en juicio,casvh,122.1293956980826,2.794604540325663,chimalhuacan,H,francisco
en juicio,casvh,213.7835310630041,4.412282319630829,toluca,M,ara
en juicio,casvh,140.3604807198635,7.645519364731538,toluca,H,ara
en juicio,villa juvenil,147.0423529928323,7.720622994756726,toluca,H,francisco
en juicio,casvh,83.69703573070484,2.044166878695522,toluca,M,ara
en juicio,casvh,187.9980938942229,5.329656066321067,ciudad de mexico,M,ara
en juicio,villa juvenil,196.8929032056919,5.083465989357269,zinacantepec,H,francisco
en juicio,villa juvenil,197.9526148134833,5.116157350030947,toluca,H,francisco
en juicio,casvh,55.47457847033427,17.89635296334375,toluca,M,paola
en juicio,mediano,33.0337366405028,1.54547251098853,tlanepantla de baz,H,paola
en juicio,casvh,173.6480287194799,4.479519124205901,toluca,M,ara
en juicio,casvh,175.3023273055919,4.117350366878871,ciudad de mexico,M,ara
en juicio,casvh,211.142936428465,8.739495760157192,toluca,M,ara
en juicio,casvh,116.1109548515061,10.33492508082306,teotihuacan,H,ara
en juicio,mediana,54.95737538869267,3.433756675306203,toluca,M,paola
en juicio,villa juvenil,195.96196157076,5.210130047912389,zinacantepec,H,francisco
en juicio,casvh,142.5000700350007,9.278982398705395,toluca,H,ara
en juicio,casvh,79.82179853737955,12.70611749582913,toluca,M,ara
en juicio,casvh,110.1355664616789,12.63397990439532,toluca,M,ara
en juicio,casvh,172.2646389439189,4.021363394077458,toluca,M,ara
en juicio,villa juvenil,209.6347846852728,1.125479079027413,zinacantepec,H,francisco
en juicio,villa juvenil,178.3273727497283,5.230544208333091,toluca,H,francisco
en juicio,lactantes,15.93111617611752,0.7410622417774186,toluca,M,rene
en juicio,casvh,210.8797428757338,4.299127293899327,toluca,M,ara
en juicio,casvh,212.9814405460601,4.508193973225888,toluca,M,ara
en juicio,casvh,173.6157856217028,4.768734036576227,toluca,H,ara
en juicio,casvh,169.0919830951021,4.827525430054452,toluca,M,ara
en juicio,casvh,59.63339814629942,15.58728942839522,toluca,M,paola
en juicio,casvh,108.9220885050682,10.19291109798669,otumba,M,ara
en juicio,casvh,119.9636774648375,6.073757697568615,zumpango,H,ara
en juicio,maternal,4.285554004016928,3.599746464129737,toluca,H,rene
en juicio,mediano,26.49827876512552,2.204224786839836,tlanepantla de baz,M,paola
en juicio,casvh,210.2500233747084,4.121113258174829,toluca,M,ara
en juicio,casvh,212.146605040493,4.391375006780764,toluca,M,ara
en juicio,casvh,79.29053991304053,13.2258946126087,toluca,M,ara
en juicio,casvh,173.8312949853675,4.941549197587631,toluca,H,ara
en juicio,casvh,79.07221073478222,13.4362935306505,toluca,M,ara
en juicio,casvh,207.988866712369,4.977122171978078,toluca,M,ara
en juicio,casvh,186.416001827978,6.141189485588455,ciudad de mexico,M,ara
en juicio,villa juvenil,146.9086877055536,8.281418169019476,toluca,H,francisco
en juicio,casvh,212.2706626105886,4.443521643381956,toluca,M,ara
en juicio,casvh,139.0708592816556,8.325607230785995,toluca,H,ara
en juicio,casvh,185.0448938051768,5.995110486386112,ciudad de mexico,M,ara
en juicio,mediano,22.75300723612142,2.923986363202868,tlanepantla de baz,M,paola
en juicio,lactantes,5.881178119449122,3.250949924666235,toluca,H,rene
en juicio,lactantes,16.2342671759988,0.5802378626700131,toluca,M,rene
en juicio,lactantes,1.444754203798183,3.429772345175048,toluca,H,rene
en juicio,casvh,213.4003628993457,4.642256533167476,toluca,M,ara
en juicio,villa juvenil,152.0098248564657,8.091247854147555,toluca,H,francisco
en juicio,villa juvenil,200.6267151205231,4.98383221117771,zinacantepec,H,francisco
en juicio,villa juvenil,147.0150186193015,8.94872501111755,toluca,H,francisco
en juicio,casvh,168.7159021151708,5.108643886752337,toluca,M,ara
en juicio,lactantes,7.968162344505965,2.39039045703297,toluca,M,rene
en juicio,casvh,129.7423314750368,11.03258851955682,toluca,H,ara
en juicio,casvh,134.2734982912201,10.2790290994258,toluca,H,ara
en juicio,casvh,133.5570366976523,8.82391638039643,toluca,H,ara
en juicio,casvh,206.4577090799741,5.261789177948502,toluca,M,ara
en juicio,casvh,194.9093659476505,4.727664669112521,toluca,M,ara
en juicio,casvh,183.2257878953009,6.486736773520183,ciudad de mexico,M,ara
en juicio,mediana,49.09385800725007,2.941554478624751,toluca,M,paola
en juicio,villa juvenil,186.1985840988884,4.211676082268638,zumpango,H,francisco
en juicio,casvh,79.7038156073324,12.82521618671625,toluca,M,ara
en juicio,lactantes,9.183669489448604,3.334737339564434,toluca,M,rene
en juicio,casvh,78.08114203751127,1.820835377618965,toluca,M,ara
en juicio,casvh,118.3632771288952,6.746040054980988,chimalhuacan,H,francisco
en juicio,casvh,131.5255394336908,10.90889253705845,toluca,H,ara
en juicio,maternal,2.11021111125497,4.092478657659269,toluca,H,rene
en juicio,casvh,193.0020037074009,5.379404587800888,toluca,H,ara
en juicio,villa juvenil,147.92167581891,7.726536256062216,toluca,H,francisco
en juicio,villa juvenil,144.8772860123164,8.930125072472702,toluca,H,francisco
en juicio,casvh,166.3061538173514,6.121211360218613,toluca,H,ara
en juicio,villa juvenil,187.7645037726219,5.775889792037773,toluca,H,francisco
en juicio,casvh,120.8474595021531,4.790573764559952,zumpango,M,ara
en juicio,casvh,171.0779724057748,7.712366857572075,toluca,H,ara
en juicio,casvh,79.74364396695387,12.78501117155683,toluca,M,ara
en juicio,casvh,143.8077159409709,9.494905410956651,toluca,H,ara
en juicio,casvh,79.23565948131827,1.799100073884691,toluca,M,ara
en juicio,villa juvenil,205.0537761070922,3.782906198417456,zinacantepec,H,francisco
en juicio,villa juvenil,148.94210920312,7.571701459073109,toluca,H,francisco
en juicio,casvh,65.06526831564031,13.78219330477659,toluca,M,ara
en juicio,casvh,122.4824341398955,2.409079851911733,chimalhuacan,H,francisco
en juicio,casvh,145.6556927707702,9.750276339072204,toluca,H,ara
en juicio,casvh,215.454135827554,4.057302029520962,toluca,M,ara
en juicio,casvh,195.6738233346423,5.113882952368961,toluca,M,ara
en juicio,casvh,174.8247045303144,4.288756604388081,ciudad de mexico,M,ara
en juicio,villa juvenil,147.010559248058,8.978602798449216,toluca,H,francisco
en juicio,casvh,211.1439310434214,4.812330497741051,toluca,M,ara
en juicio,villa juvenil,209.2629771074037,1.216977177718979,zinacantepec,H,francisco
en juicio,mediano,57.12937259651377,13.83236151408592,toluca,M,paola
en juicio,casvh,195.2377799391322,4.969768118133084,toluca,M,ara
en juicio,mediano,26.97938537826748,2.136140249061295,tlanepantla de baz,M,paola
en juicio,casvh,209.6856428481137,2.202249655346871,toluca,M,ara
en juicio,casvh,172.6597957811206,8.080431498948347,toluca,M,ara
en juicio,maternal,0.3121136757366431,13.31122130384567,toluca,H,rene
en juicio,lactantes,1.303443288084438,3.14868260906535,toluca,H,rene
en juicio,casvh,177.574671237697,4.454425735155927,ciudad de mexico,M,ara
en juicio,mediano,27.58323509337635,2.338867108679819,tlanepantla de baz,M,paola
en juicio,casvh,206.3609371825473,4.579333212212973,toluca,H,ara
en juicio,casvh,97.09827931205768,6.960492972984795,toluca,M,ara
en juicio,casvh,212.2034591069807,4.428253331423503,toluca,M,ara
en juicio,villa juvenil,178.2574480344981,5.414117345299671,toluca,H,francisco
en juicio,mediana,54.26926338279216,3.878569242933682,toluca,M,paola
en juicio,lactantes,5.612492049601267,2.036717488140896,toluca,M,rene
en juicio,casvh,174.1369629044582,4.743004092441758,toluca,M,ara
en juicio,lactantes,6.134080895285353,1.031246299052074,toluca,M,rene
en juicio,lactantes,10.61545758635132,3.738104456155626,toluca,M,rene
en juicio,casvh,140.4047262122502,7.558213527075603,toluca,H,ara
en juicio,casvh,131.5386274822052,9.99255299565924,toluca,H,ara
en juicio,casvh,188.0362037754132,5.807202873465243,ciudad de mexico,M,ara
en juicio,lactantes,3.656265166600363,3.641350050690465,toluca,H,rene
en juicio,maternal,5.861166621235333,2.488656440881148,toluca,H,rene
en juicio,lactantes,1.859572889138029,3.275522808618131,toluca,H,rene
en juicio,maternal,5.274380880795996,2.145424373222541,toluca,H,rene
en juicio,villa juvenil,144.3717780600037,7.705575636267114,toluca,H,francisco
en juicio,villa juvenil,197.9243625261092,5.125348556100282,toluca,H,francisco
en juicio,villa juvenil,200.8012416061549,5.013435414695681,zinacantepec,H,francisco
en juicio,villa juvenil,180.1898378571331,4.285827597548332,toluca,H,francisco
en juicio,casvh,209.8300529383483,7.870301141363544,toluca,M,ara
en juicio,villa juvenil,176.5538417931659,6.058216102196405,toluca,H,francisco
en juicio,maternal,0.2487964867779151,15.51204018672447,toluca,H,rene
en juicio,casvh,183.1912409027626,6.412800273730114,ciudad de mexico,M,ara
en juicio,mediano,26.38603347011427,2.143104465850128,tlanepantla de baz,M,paola
en juicio,mediano,36.45378428224917,1.231024289164546,tlanepantla de baz,H,paola
en juicio,mediano,36.42527184333875,1.291352437346975,tlanepantla de baz,H,paola
en juicio,casvh,55.33474630198956,17.15066148776857,toluca,M,paola
en juicio,casvh,215.3539197719884,4.175577158523216,toluca,M,ara
en juicio,casvh,130.9841695775791,11.89833957933993,toluca,H,ara
en juicio,casvh,143.0063473126782,9.049371807392346,toluca,H,ara
en juicio,casvh,206.3945637952907,5.079888153228071,toluca,M,ara
en juicio,lactantes,10.54071593811307,3.606557977691307,toluca,M,rene
en juicio,maternal,12.9433669110991,1.771955143213029,toluca,M,rene
en juicio,villa juvenil,186.2563555823363,4.268665243544818,zumpango,H,francisco
en juicio,casvh,201.69681943348,4.274049513764373,toluca,M,ara
en juicio,maternal,1.157559192725393,5.488423198585052,toluca,H,rene
en juicio,mediana,66.38625823382044,2.26878124463407,toluca,M,paola
en juicio,villa juvenil,144.4163216018448,7.813478526416637,toluca,H,francisco
en juicio,casvh,70.51773495579693,12.94720443289011,toluca,M,ara
en juicio,villa juvenil,144.317747645382,7.574691614640268,toluca,H,francisco
en juicio,villa juvenil,209.2049000262112,1.192375454432114,zinacantepec,H,francisco
en juicio,casvh,147.5551122903961,10.04425462671913,toluca,H,ara
en juicio,mediano,56.1827286875882,13.30359398836939,toluca,M,paola
en juicio,casvh,181.6812996258139,6.030959044348036,toluca,M,ara
en juicio,villa juvenil,188.3342508796614,6.277455468555156,toluca,H,francisco
en juicio,lactantes,1.668875749415207,3.88526640257263,toluca,H,rene
en juicio,maternal,9.715439063467638,2.524002389191109,toluca,M,rene
en juicio,casvh,169.8715228943352,3.759082120343962,toluca,M,ara
en juicio,casvh,163.6193912796675,6.79531160555742,toluca,H,ara
en juicio,villa juvenil,198.2488518262726,4.970648281530126,toluca,H,francisco
en juicio,mediano,30.29575370649611,1.777624154941203,tlanepantla de baz,M,paola
en juicio,villa juvenil,199.120669608888,5.210130047912389,zinacantepec,H,francisco
en juicio,casvh,193.9286121828011,5.387998054339187,toluca,H,ara
en juicio,casvh,209.6247632452436,3.910911151912691,toluca,M,ara
en juicio,casvh,120.1748334699052,4.845343640048266,michoacan,H,francisco
en juicio,casvh,79.61968305900017,1.801131659400601,toluca,M,ara
en juicio,villa juvenil,147.8790812714498,7.766362200294231,toluca,H,francisco
en juicio,casvh,201.9768946357527,4.609999069359084,toluca,M,ara
en juicio,lactantes,1.553936365960244,3.583332888168594,toluca,H,rene
en juicio,casvh,110.1036428881874,11.77127777332629,otumba,M,ara
en juicio,casvh,168.511964114642,4.743057792468724,toluca,H,ara
en juicio,casvh,206.8278936063556,5.67793478707937,toluca,M,ara
en juicio,casvh,121.7825607765472,3.144652156203975,zumpango,M,ara
en juicio,casvh,68.66434249931375,2.739203257529438,toluca,M,paola
en juicio,casvh,80.08355377492029,13.62325020989867,toluca,M,ara
en juicio,casvh,208.8082492672922,5.141157354596112,toluca,M,ara
en juicio,casvh,183.0641178522066,6.441445334455403,ciudad de mexico,M,ara
en juicio,casvh,213.647912465235,4.10245893652064,toluca,M,ara
en juicio,lactantes,2.440290852604158,3.390775374627797,toluca,H,rene
en juicio,mediana,68.29401979586314,3.455330020801652,toluca,M,paola
en juicio,casvh,207.5970909625532,4.786967056284531,toluca,M,ara
en juicio,casvh,138.1764080801216,7.578751256804088,toluca,H,ara
en juicio,casvh,173.6904908973115,7.219412626933146,toluca,M,ara
en juicio,villa juvenil,147.1589806901669,7.793294835694143,toluca,H,francisco
en juicio,lactantes,8.996815820313381,3.293103420507443,toluca,M,rene
en juicio,casvh,174.1614781715129,4.479958001002689,ciudad de mexico,M,ara
en juicio,villa juvenil,144.3753701716143,7.714277216979011,toluca,H,francisco
en juicio,mediana,60.26571254756128,15.23621526785525,toluca,M,paola
en juicio,casvh,202.7481823865364,5.312112295747995,toluca,M,ara
en juicio,villa juvenil,210.2041924707025,1.571094130020018,zinacantepec,H,francisco
en juicio,lactantes,5.906434863830938,3.30377602752985,toluca,H,rene
en juicio,villa juvenil,197.0757911935609,5.210130047912389,toluca,H,francisco
en juicio,mediano,36.49693585404179,1.139721878115534,tlanepantla de baz,H,paola
en juicio,casvh,122.5412304791542,2.361326671244593,zumpango,H,francisco
en juicio,casvh,183.2220193904817,6.473554258678138,ciudad de mexico,M,ara
en juicio,lactantes,10.08613856472002,3.433596530934314,toluca,M,rene
en juicio,casvh,140.0457138902096,8.500463992743228,toluca,H,ara
en juicio,mediano,28.75656895547022,2.145293748219847,tlanepantla de baz,M,paola
en juicio,maternal,5.472236384497696,3.394089856893026,toluca,H,rene
en juicio,casvh,208.6006176151053,4.212180129433974,toluca,M,ara
en juicio,casvh,212.1819387424113,4.39530097366058,toluca,M,ara
en juicio,villa juvenil,147.3548386351559,10.00451020107276,toluca,H,francisco
en juicio,casvh,173.3864120567466,4.459587237657932,toluca,M,ara
en juicio,casvh,201.0786605385512,3.705731042672809,toluca,M,ara
en juicio,casvh,190.9226053544547,4.768209713654601,toluca,H,ara
en juicio,casvh,209.5750865765523,2.502156043825658,toluca,M,ara
en juicio,maternal,11.62153966981869,1.703614390585085,toluca,M,rene
en juicio,casvh,214.0247402945208,3.823771362234716,toluca,M,ara
en juicio,lactantes,1.350920660991004,3.127791247233766,toluca,H,rene
en juicio,villa juvenil,197.024012667242,5.208082376682752,toluca,H,francisco
en juicio,mediano,22.83124432103951,2.494986139941109,tlanepantla de baz,M,paola
en juicio,lactantes,9.719173657941703,3.168396216608051,toluca,M,rene
en juicio,casvh,209.8567061100487,4.32944597667397,toluca,M,ara
en juicio,lactantes,4.438580072446399,3.428865723295592,toluca,H,rene
en juicio,casvh,171.0868172683872,3.315661463417806,toluca,M,ara
en juicio,villa juvenil,147.7364952049653,10.04596898224737,toluca,H,francisco
en juicio,casvh,120.8943339840127,4.090439132389411,zumpango,H,francisco
en juicio,villa juvenil,144.3461621687203,7.64352334789942,toluca,H,francisco
en juicio,casvh,210.7119624251126,4.241166475701143,toluca,M,ara
en juicio,casvh,186.0565098186319,5.767159678020901,ciudad de mexico,M,ara
en juicio,maternal,5.487824704252915,2.204800303195441,toluca,H,rene
en juicio,casvh,121.9722224331184,2.959511727851609,chalco solidaridad,H,francisco
en juicio,casvh,211.2682961490418,8.528302375313242,toluca,M,ara
en juicio,villa juvenil,144.4713613478373,7.946807566277616,toluca,H,francisco
en juicio,villa juvenil,146.760361688028,7.734609260379253,toluca,H,francisco
en juicio,casvh,207.3810670749031,6.081896991084412,toluca,M,ara
en juicio,casvh,210.9408606440662,6.740030179144778,toluca,M,ara
en juicio,casvh,110.2269594366594,12.52659065791664,toluca,M,ara
en juicio,casvh,173.1293701110741,8.080301793475206,toluca,M,ara
en juicio,casvh,167.7773474408675,6.36672965988461,toluca,H,ara
en juicio,casvh,211.1791535705966,8.678236542808705,toluca,M,ara
en juicio,casvh,105.468965973909,10.08540517648758,toluca,M,ara
en juicio,villa juvenil,147.9428457730872,8.713321051578111,toluca,H,francisco
en juicio,mediano,22.57079545863366,2.521173533892478,tlanepantla de baz,M,paola
en juicio,villa juvenil,149.7631471947918,4.774170583981798,toluca,H,francisco
en juicio,lactantes,0.8962035296913144,2.250896719685764,toluca,H,rene
en juicio,casvh,181.8814582923602,5.872133144618015,toluca,M,ara
en juicio,casvh,206.4186061847818,4.570993822183967,toluca,H,ara
en juicio,villa juvenil,144.4905247013854,7.993229138234659,toluca,H,francisco
en juicio,maternal,29.65719866111322,1.676061544094546,ecatepec de morelos,M,rene
en juicio,villa juvenil,147.6220753445326,10.03353972429414,toluca,H,francisco
en juicio,casvh,115.5486553591367,14.66509698532993,cuautitlan izcalli,H,ara
en juicio,lactantes,3.992123007397597,1.191385389406896,toluca,M,rene
en juicio,casvh,189.9086667259292,4.899140321576599,ciudad de mexico,M,ara
en juicio,casvh,177.030563668416,4.24554301539554,ciudad de mexico,M,ara
en juicio,casvh,67.83130774307489,13.34785894207055,toluca,M,ara
en juicio,casvh,110.3405543092345,9.936684260587192,cuautitlan izcalli,H,ara
en juicio,casvh,213.9110421699488,3.860765631208028,toluca,M,ara
en juicio,casvh,164.1995556689046,6.791672581610593,toluca,H,ara
en juicio,mediana,66.99951299606059,2.39541771021196,toluca,M,paola
en juicio,casvh,215.7768276425763,3.969996943654114,toluca,M,ara
en juicio,lactantes,9.19992314369851,2.789634070183158,toluca,M,rene
en juicio,casvh,122.1085347883055,2.816491939313944,zumpango,M,ara
en juicio,villa juvenil,153.1559703437636,7.107415630605733,toluca,H,francisco
en juicio,casvh,170.1337079390306,3.452896113286487,toluca,M,ara
en juicio,casvh,139.8287429709469,8.69475188714727,toluca,H,ara
en juicio,casvh,112.9102044023628,11.06202861210841,toluca,M,ara
en juicio,villa juvenil,196.1066532942067,4.907429284713344,toluca,H,francisco
en juicio,casvh,212.416061749993,4.466629894823638,toluca,M,ara
en juicio,casvh,210.5201583304082,4.203978337519124,toluca,M,ara
en juicio,casvh,109.7847082370233,12.73619484511663,teotihuacan,M,ara
en juicio,casvh,78.90258686389168,12.534294483105,toluca,M,ara
en juicio,casvh,173.799801627755,7.193046813948719,toluca,M,ara
en juicio,casvh,107.1821344792443,10.98748371965512,toluca,M,ara
en juicio,mediana,63.78278571931884,1.739725781750087,toluca,M,paola
en juicio,casvh,209.2755655857243,3.783717211176309,toluca,M,ara
en juicio,casvh,209.4376875486097,4.302241308168386,toluca,M,ara
en juicio,casvh,213.0299011364017,4.607937321123493,toluca,M,ara
en juicio,villa juvenil,144.25295958639,7.41774812690958,toluca,H,francisco
en juicio,mediano,27.86250588028291,1.957034855257526,tlanepantla de baz,M,paola
en juicio,casvh,215.1004677739167,4.228422094538662,toluca,M,ara
en juicio,casvh,91.96860080475011,5.072316462565249,toluca,M,ara
en juicio,casvh,109.7607678151219,12.52632924225914,toluca,M,ara
en juicio,villa juvenil,152.7055305272414,7.351890594748848,toluca,H,francisco
en juicio,casvh,132.4652106853729,9.456071567600839,toluca,H,ara
en juicio,casvh,113.5549665074177,10.71666298453965,toluca,M,ara
en juicio,casvh,206.1702218685757,4.9794792757857,toluca,M,ara
en juicio,casvh,215.4528248650043,4.095007044696871,toluca,M,ara
en juicio,lactantes,1.358265139655144,3.12252832647353,toluca,H,rene
en juicio,casvh,80.92621958345879,5.573030857269086,toluca,M,ara
en juicio,casvh,145.3669457413068,9.445439895380634,toluca,H,ara
en juicio,casvh,138.2074907241042,8.813690605816081,toluca,H,ara
en juicio,maternal,0.3744406832078478,11.94273700936922,toluca,H,rene
en juicio,villa juvenil,197.6942821407192,5.200199707323235,toluca,H,francisco
en juicio,casvh,182.2376922919981,6.23405642260287,toluca,M,ara
en juicio,casvh,58.12864471520503,16.42275995790847,toluca,M,paola
en juicio,casvh,134.5077469797887,9.89038664318737,toluca,H,ara
en juicio,casvh,117.0832550003661,9.34596567101546,cuautitlan izcalli,H,ara
en juicio,lactantes,4.996737622452018,0.92225008220747,toluca,M,rene
en juicio,casvh,209.0865686398183,3.720001186766875,toluca,M,ara
reintegracion,ninos grandes,116.1671367231194,4.441663449684313,nezahualcoyotl,H,david
reintegracion,villa juvenil,178.9854620513884,2.822674029279005,nicolas romero,H,francisco
reintegracion,ninas grandes,180.11050823224,4.602094838991484,toluca,M,ariana
reintegracion,lactantes,15.91357972108412,1.206220351175093,toluca,H,ara
reintegracion,ninos grandes,146.9556386431024,1.349957515916043,huixquilucan,H,francisco
reintegracion,ninos grandes,118.3892353797235,4.564809310658386,acambay,H,david
reintegracion,ninas grandes,216.1707124603423,3.775242064863492,toluca,M,ariana
reintegracion,mediana,71.80635245339751,3.609107467883808,ocoyoacac,M,paola
reintegracion,intermedias,104.0046014862941,4.95603830663293,toluca,M,david
reintegracion,ninas grandes,137.7493689387986,6.892219333548745,toluca,M,ariana
reintegracion,intermedios,107.2434442747086,5.228732902395317,san martin de las piramidez,H,david
reintegracion,villa juvenil,184.8708085566315,2.273981733784098,nicolas romero,H,francisco
reintegracion,mediano,46.47020808817704,1.475764046634349,honduras,H,paola
reintegracion,casvh,211.0368930471072,3.265877838479871,michoacan,M,ara
reintegracion,villa juvenil,149.814567829024,1.923917290604967,nicolas romero,H,francisco
reintegracion,ninas grandes,174.2027308499761,4.107623839772303,toluca,M,ariana
reintegracion,mediano,76.0062442376955,5.522230796187788,toluca,H,paola
reintegracion,casvh,212.0765974769521,2.112892988468016,zinacantepec,M,ara
reintegracion,ninas grandes,176.1542801338464,4.573163451846612,toluca,M,ariana
reintegracion,intermedios,123.5704765901608,2.926808057244572,toluca,H,david
reintegracion,villa juvenil,151.1649371158785,2.310746064339494,nicolas romero,H,francisco
reintegracion,villa juvenil,173.5406174920192,4.475802740202262,nicolas romero,H,francisco
reintegracion,ninas grandes,180.5563036108242,4.974856845581741,toluca,M,ariana
reintegracion,ninos grandes,144.0,2.083504449007529,tecamac,H,francisco
reintegracion,casvh,213.1896376978768,3.131324790614082,san felipe del progreso,M,ara
reintegracion,ninas grandes,156.2711101317772,1.316208486345638,toluca,M,ariana
reintegracion,mediano,58.54833546556347,3.451451203038414,toluca,H,paola
reintegracion,casvh,224.0851838748113,2.112398253418166,toluca,M,ara
reintegracion,intermedias,102.1152246532644,5.410728916710371,toluca,M,david
reintegracion,casvh,143.3843643367975,3.444705413723076,huixquilucan,M,ara
reintegracion,mediana,84.24227956100108,4.730959322043465,toluca,M,paola
reintegracion,mediano,44.56802450529089,2.52583046522375,toluca,H,paola
reintegracion,ninas grandes,157.0019381159792,2.705971242255793,toluca,M,ariana
reintegracion,ninas grandes,190.3088428496481,4.35124254104853,toluca,M,ariana
reintegracion,villa juvenil,180.2204195746183,4.102640932644555,nicolas romero,H,francisco
reintegracion,intermedias,123.6578901703953,3.14656139942591,toluca,M,david
reintegracion,ninos grandes,147.2112698748764,2.341633251319687,atlacomulco,H,francisco
reintegracion,mediana,85.45032568655988,3.021675253620526,toluca,M,paola
reintegracion,intermedios,128.726468091762,1.115114081871076,toluca,H,david
reintegracion,ninas grandes,209.808645306071,3.952554504389838,toluca,M,ariana
reintegracion,ninas grandes,152.1942432732243,1.928953767704025,toluca,M,ariana
reintegracion,mediano,93.68167565343678,3.841045447041707,toluca,H,paola
reintegracion,ninas grandes,156.9973520254729,3.017061048264868,toluca,M,ariana
reintegracion,ninas grandes,213.0800829310521,4.419887523957129,toluca,M,ariana
reintegracion,ninas grandes,156.989531379844,3.547561510093831,toluca,M,ariana
reintegracion,ninas grandes,147.7148501999588,4.806077519617849,toluca,M,ariana
reintegracion,villa juvenil,197.7992011651918,1.735596625242735,tecamac,H,francisco
reintegracion,casvh,202.960615493318,2.03202634896235,zumpango,M,ara
reintegracion,ninas grandes,179.1402810798519,4.54214982250214,toluca,M,ariana
reintegracion,villa juvenil,175.5770947964484,2.310746064339494,nicolas romero,H,francisco
reintegracion,villa juvenil,205.0742332079795,1.495898320815082,zinacantepec,H,francisco
reintegracion,ninos grandes,132.5314755947448,3.053322661513667,toluca,H,david
reintegracion,ninas grandes,183.3943936639564,4.084798463127332,toluca,M,ariana
reintegracion,mediana,84.47621162303054,3.734343606721491,toluca,M,paola
reintegracion,ninas grandes,210.4182300670089,4.835208867497236,toluca,M,ariana
reintegracion,mediano,82.65808050269263,3.87730195730147,toluca,H,paola
reintegracion,casvh,191.3534174510185,1.327598510457067,zinacantepec,M,ara
reintegracion,ninos grandes,138.5897136676902,5.114266699977392,huixquilucan,H,francisco
reintegracion,ninas grandes,180.0933424526255,4.586972604569207,toluca,M,ariana
reintegracion,ninas grandes,136.9541184912858,5.444823493230611,toluca,M,ariana
reintegracion,mediano,41.16856316430852,4.788534850155773,toluca,H,paola
reintegracion,mediana,66.99658956175955,1.298127227960295,toluca,H,paola
reintegracion,ninas grandes,169.1652522604164,4.29139998023579,toluca,M,ariana
reintegracion,casvh,178.8074742385596,4.077764543386641,toluca,M,ara
reintegracion,ninas grandes,141.716365496489,6.210174655118909,toluca,M,ariana
reintegracion,ninas grandes,199.083557824384,3.942811287422679,toluca,M,ariana
reintegracion,casvh,177.6033362732264,2.9026923865299,toluca,M,ara
reintegracion,mediano,50.89479239722031,4.565848367834097,honduras,H,paola
reintegracion,casvh,161.8981633897434,3.216893646417183,toluca,M,ara
reintegracion,ninas grandes,156.7819563822873,1.886238143926996,toluca,M,ariana
reintegracion,villa juvenil,211.5128709443545,1.208065327666761,toluca,H,francisco
reintegracion,villa juvenil,186.5993241443931,2.301397648868453,nicolas romero,H,francisco
reintegracion,intermedias,111.3690033894047,4.092563874394306,toluca,M,david
reintegracion,ninas grandes,170.9266409192431,4.787583810189992,toluca,M,ariana
reintegracion,mediana,67.77381222457652,4.851786545408744,chimalhuacan,M,paola
reintegracion,mediano,88.65019572659259,2.812444360425844,toluca,H,paola
reintegracion,ninos grandes,139.6616104887235,3.977941783704809,toluca,H,ariana
reintegracion,villa juvenil,210.0036070264799,0.8327663174051562,zinacantepec,H,francisco
reintegracion,casvh,139.5082418747922,5.926447783098869,toluca,M,ara
reintegracion,ninas grandes,187.8253577592837,0.950813877156344,toluca,M,ariana
reintegracion,ninas grandes,156.9847164140702,1.763419314566014,toluca,M,ariana
reintegracion,casvh,141.2710897861868,5.673682812985345,toluca,M,ara
reintegracion,ninas grandes,170.9803664724081,4.604767691781405,toluca,M,ariana
reintegracion,ninos grandes,114.0241405788362,3.983941535586928,nezahualcoyotl,H,david
reintegracion,villa juvenil,150.1874614360282,1.604821418635291,nicolas romero,H,francisco
reintegracion,ninas grandes,191.2554542142621,4.489037983665938,toluca,M,ariana
reintegracion,casvh,1.688517064134501,1.661536446591025,donato guerra,M,ara
reintegracion,ninas grandes,177.9895211446566,3.90897046276044,toluca,M,ariana
reintegracion,villa juvenil,209.5136972918619,0.7215304764133863,zinacantepec,H,francisco
reintegracion,mediano,83.10922523980123,4.275578170530162,metepec,H,paola
reintegracion,mediana,72.99454346608653,4.909826831614035,toluca,H,paola
reintegracion,ninas grandes,197.6882590778697,1.306965949955926,toluca,M,ariana
reintegracion,mediano,40.87734011508469,3.74510838507897,toluca,H,paola
reintegracion,ninas grandes,157.3388090349076,5.002053388090349,toluca,M,ariana
reintegracion,casvh,18.67664832991566,0.6181938829981288,toluca,H,ara
reintegracion,intermedias,103.1996760209366,5.151456633160497,ecatepec de morelos,M,david
reintegracion,villa juvenil,204.9907376967913,2.615017355969262,zinacantepec,H,francisco
reintegracion,casvh,192.4888021277437,3.073637434572413,origen venezolano,M,ara
reintegracion,ninas grandes,212.0757640267096,0.714082557680759,toluca,M,ariana
reintegracion,intermedios,95.00366988467984,4.655390510055294,toluca,H,david
reintegracion,ninas grandes,133.6058418046624,5.908350004543125,toluca,M,ariana
reintegracion,intermedios,90.25850205828054,4.666916154314907,toluca,H,david
reintegracion,ninas grandes,168.1083700186597,4.42987561750676,toluca,M,ariana
reintegracion,villa juvenil,168.5067203341359,4.267932979463809,nicolas romero,H,francisco
reintegracion,ninas grandes,167.9970157450326,4.330757567874896,toluca,M,ariana
reintegracion,mediano,84.21994208634443,2.587768969806044,toluca,H,paola
reintegracion,ninas grandes,196.6047735146193,2.678479354864612,toluca,M,ariana
reintegracion,mediano,88.23945955158244,3.946739915197557,toluca,H,paola
reintegracion,intermedios,125.8907910704577,2.901189114785128,toluca,H,david
reintegracion,intermedias,101.2860529243739,5.51721307577027,almoloya de juarez,M,david
reintegracion,villa juvenil,183.0158041829205,3.220857283998293,toluca,H,francisco
reintegracion,casvh,240.0,3.74360106806451,toluca,M,ara
reintegracion,mediano,40.66571448336911,1.582390087555862,toluca,H,paola
reintegracion,mediana,69.49873002975983,4.628684996748492,toluca,M,paola
reintegracion,intermedias,118.0159679643673,1.737027786541774,toluca,M,david
reintegracion,casvh,175.0300866511334,1.713894592744695,ciudad de mexico,M,ara
reintegracion,villa juvenil,205.9129475741698,2.269827455422832,zinacantepec,H,francisco
reintegracion,ninas grandes,181.887755405325,4.585396143319469,toluca,M,ariana
reintegracion,intermedios,131.772671883214,1.948424131545094,toluca,H,david
reintegracion,ninos grandes,148.0596461609317,2.52420621960714,naucalpan de juarez,H,francisco
reintegracion,casvh,210.859435997651,1.211682381918745,zinacantepec,M,ara
reintegracion,villa juvenil,165.6400146636241,3.178667799745199,nicolas romero,H,francisco
reintegracion,ninas grandes,211.5455690814834,4.361876301930127,toluca,M,ariana
reintegracion,intermedios,96.4132588076997,3.067610118371503,toluca,H,david
reintegracion,intermedias,103.6495536772232,4.727813588839228,naucalpan de juarez,M,david
reintegracion,mediana,57.90754919357024,0.4230004452027392,toluca,M,paola
reintegracion,intermedios,125.5558165814005,2.343156702104019,toluca,H,david
reintegracion,villa juvenil,151.5253687134834,2.29693416032943,nicolas romero,H,francisco
reintegracion,mediano,85.32756958176539,0.7806362547719106,toluca,H,paola
reintegracion,ninas grandes,212.1848273323432,3.787292664818056,toluca,M,ariana
reintegracion,mediana,75.80837430376806,5.414105657086745,toluca,M,paola
reintegracion,villa juvenil,171.8195635335466,4.737177757260007,nicolas romero,H,francisco
reintegracion,mediano,76.85980348227085,5.523622520635778,toluca,H,paola
reintegracion,mediana,69.9423822306884,3.789583254899518,toluca,H,paola
reintegracion,ninas grandes,171.7953953718651,4.281193799951289,toluca,M,ariana
reintegracion,ninas grandes,153.5934291581109,5.273166611781381,toluca,M,ariana
reintegracion,villa juvenil,195.1258025892139,3.056195728252268,otzoloapan,H,francisco
reintegracion,villa juvenil,186.8166864702476,4.040244607579296,almoloya de juarez,H,francisco
reintegracion,intermedias,107.9721716513325,3.056207756600911,toluca,M,david
reintegracion,mediano,82.50354488381497,3.8563927501044,toluca,H,paola
reintegracion,villa juvenil,169.2121766953433,3.724502473071526,nicolas romero,H,francisco
reintegracion,ninas grandes,199.0968833300516,4.598394111120498,toluca,M,ariana
reintegracion,mediana,80.49847428013001,4.505687983408611,toluca,M,paola
reintegracion,ninas grandes,155.0133488765524,5.520080916638686,toluca,M,ariana
reintegracion,ninas grandes,176.394250513347,4.583162217659138,toluca,M,ariana
reintegracion,villa juvenil,212.0794612261084,1.140471837771631,zinacantepec,H,francisco
reintegracion,ninas grandes,152.1958717037384,1.928159656527391,toluca,M,ariana
reintegracion,ninas grandes,213.128791908171,4.497521353679639,toluca,M,ariana
reintegracion,villa juvenil,204.3564129683483,2.249855323599334,zinacantepec,H,francisco
reintegracion,ninas grandes,211.5912923324739,3.974244122626918,toluca,M,ariana
reintegracion,ninas grandes,187.0645794145521,0.8062954858019233,toluca,M,ariana
reintegracion,casvh,181.4756079678137,3.651712617619129,tlanepantla de baz,M,ara
reintegracion,intermedias,107.345721439931,4.462240453302091,toluca,M,david
reintegracion,ninas grandes,174.0443260395594,4.211973979169505,toluca,M,ariana
reintegracion,intermedios,122.628005374395,2.097692485986654,zinacantepec,H,david
reintegracion,ninas grandes,174.2458806939953,4.473464550310567,toluca,M,ariana
reintegracion,ninas grandes,168.000871563999,4.449015383087453,toluca,M,ariana
reintegracion,intermedios,95.56999483546056,3.493095181051084,toluca,H,david
reintegracion,mediano,87.10782354276031,3.01367162155522,toluca,H,paola
reintegracion,ninas grandes,167.944049592404,1.632962920725411,toluca,M,ariana
reintegracion,villa juvenil,213.2528577558022,1.549787621703906,zinacantepec,H,francisco
reintegracion,ninas grandes,199.7070154948613,4.206673689465958,toluca,M,ariana
reintegracion,villa juvenil,186.4273446501278,2.220003842355142,nicolas romero,H,francisco
reintegracion,villa juvenil,172.0892290788379,2.276220687548169,nicolas romero,H,francisco
reintegracion,ninas grandes,180.0942580891992,4.394152486684293,toluca,M,ariana
reintegracion,ninas grandes,161.7937486329686,4.053440887169141,toluca,M,ariana
reintegracion,casvh,177.87058741475,1.972821888177674,toluca,M,ara
reintegracion,ninas grandes,147.280343131228,5.223836930585563,toluca,M,ariana
reintegracion,ninas grandes,156.7082872039723,0.6768791642426165,toluca,M,ariana
reintegracion,mediana,84.07505400043428,3.173033909987982,toluca,M,paola
reintegracion,intermedias,103.6679603205422,3.877065247588735,ecatepec de morelos,M,david
reintegracion,casvh,183.5405459255743,0.7901764654818079,paraje tzoeptic chiapas,M,ara
reintegracion,mediano,85.71140721085906,1.19852399612388,toluca,H,paola
reintegracion,ninas grandes,154.3826089435829,4.18169251848317,toluca,M,ariana
reintegracion,casvh,199.7557528629328,2.911725958736369,toluca,M,ara
reintegracion,intermedias,118.5562056176827,7.459494759937178,tecamac,M,david
reintegracion,villa juvenil,195.4099250584306,2.856736262196084,otzoloapan,H,francisco
reintegracion,intermedias,120.0913876406223,1.764079714222205,toluca,M,david
reintegracion,casvh,226.896234152281,3.091558125508645,toluca,M,ara
reintegracion,casvh,202.0729414508629,3.799577936560403,ciudad de mexico,M,ara
reintegracion,ninos grandes,149.5890268829063,2.10065114230006,nicolas romero,H,francisco
reintegracion,ninas grandes,186.5733608730723,4.054629175474975,toluca,M,ariana
reintegracion,ninas grandes,155.7647834698248,7.001237147686485,toluca,M,ariana
reintegracion,ninas grandes,148.428885712204,5.155475877281122,toluca,M,ariana
reintegracion,villa juvenil,170.8375281719995,1.248037892085144,nicolas romero,H,francisco
reintegracion,ninas grandes,169.8687399413285,1.323303801939553,toluca,M,ariana
reintegracion,ninas grandes,183.3534285718052,4.096403674569044,toluca,M,ariana
reintegracion,ninas grandes,168.1949352685163,5.039409727313254,toluca,M,ariana
reintegracion,villa juvenil,172.7829724765683,4.59086565142727,nicolas romero,H,francisco
reintegracion,villa juvenil,211.4502437653482,1.028150334715372,zinacantepec,H,francisco
reintegracion,casvh,177.4577861923509,2.766737024916125,tlanepantla de baz,M,ara
reintegracion,intermedios,127.8142508198467,4.613301486129554,toluca,M,david
reintegracion,villa juvenil,176.4965904954545,2.359870396857829,nicolas romero,H,francisco
reintegracion,casvh,179.777619648782,1.68713587463089,chalco solidaridad,M,ara
reintegracion,intermedios,129.3153077736484,2.042979675524115,toluca,H,david
reintegracion,intermedias,129.4447176604942,7.155808709067708,toluca,M,david
reintegracion,mediano,92.81938499251234,3.92349253655115,toluca,H,paola
reintegracion,casvh,123.147085945554,4.81427323230127,toluca,M,david
reintegracion,lactantes,11.4102975731504,1.729478887850992,zinacantepec,H,rene
reintegracion,casvh,170.3327734621876,2.731222747282226,toluca,M,ara
reintegracion,ninas grandes,156.9774127310062,4.369609856262834,toluca,M,ariana
reintegracion,ninas grandes,199.7299838325373,4.354436081666103,toluca,M,ariana
reintegracion,ninas grandes,186.6087859278028,4.126551953822087,toluca,M,ariana
reintegracion,ninas grandes,147.4192614438407,4.040682324096073,toluca,M,ariana
reintegracion,casvh,195.9977185976406,1.804764547979998,ecatepec de morelos,M,ara
reintegracion,casvh,197.9886124284863,2.191155126992797,zinacantepec,M,ara
reintegracion,ninas grandes,167.9971291228554,4.332085798626198,toluca,M,ariana
reintegracion,villa juvenil,214.6418248073522,1.706221183110425,toluca,H,francisco
reintegracion,casvh,181.2935633193666,2.775676659121574,ecatepec de morelos,M,ara
reintegracion,ninas grandes,182.3635612497163,4.379784611473546,toluca,M,ariana
reintegracion,ninas grandes,138.954578513013,4.688747636675541,toluca,M,ariana
reintegracion,casvh,123.222476468778,4.063509271862014,toluca,M,ara
reintegracion,casvh,196.5659576005585,2.325545098539679,zumpango,M,ara
reintegracion,ninas grandes,156.1343645168797,4.8634342146994,toluca,M,ariana
reintegracion,ninas grandes,140.3836395947092,6.129447793678838,toluca,M,ariana
reintegracion,casvh,211.1554385796863,1.364422518022705,zinacantepec,M,ara
reintegracion,intermedios,132.6175813370979,2.213365669919348,toluca,H,david
reintegracion,casvh,197.687229484976,2.488338090489426,zumpango,M,ara
reintegracion,intermedios,111.3665621452814,4.019367525492756,toluca,H,david
reintegracion,villa juvenil,165.644703547321,2.310746064339494,naucalpan de juarez,H,francisco
reintegracion,intermedias,115.7434200329455,2.259828001136622,toluca,M,david
reintegracion,ninas grandes,146.3683867896384,5.193585951616977,toluca,M,ariana
reintegracion,casvh,10.32434452645599,2.362152640620113,toluca,H,ara
reintegracion,villa juvenil,179.7009468883873,4.226859049341796,nicolas romero,H,francisco
reintegracion,lactantes,3.779331606344021,0.9755833813675745,mintontic chiapas,H,ara
reintegracion,casvh,141.8835124148735,4.694947137186558,toluca,M,ara
reintegracion,intermedios,111.6305224758374,4.007523151685755,toluca,H,david
reintegracion,ninas grandes,176.1443989428993,3.628000484801963,toluca,M,ariana
reintegracion,ninos grandes,139.593172548357,4.544836056407192,toluca,H,ariana
reintegracion,ninas grandes,206.9063421903747,4.439618868653921,toluca,M,ariana
reintegracion,mediana,70.67989050161388,3.288787032967805,chimalhuacan,M,paola
reintegracion,casvh,2.160371162744344,1.720942538142624,toluca,H,ara
reintegracion,ninas grandes,211.8839133842874,3.89391407132108,toluca,M,ariana
reintegracion,mediano,83.85124104589853,4.029308251022419,toluca,H,paola
reintegracion,villa juvenil,213.1524496119064,1.595951587739411,zinacantepec,H,francisco
reintegracion,ninas grandes,198.2288811462759,4.980928730230519,toluca,M,ariana
reintegracion,intermedias,123.1998745438339,4.288586774429865,toluca,M,david
reintegracion,ninos grandes,144.2397203529822,2.258050831022682,capulhuac,H,francisco
reintegracion,casvh,205.7174370877357,1.269596378371317,chimalhuacan,M,ara
reintegracion,villa juvenil,205.0967988173305,0.6522198235754472,zinacantepec,H,francisco
reintegracion,villa juvenil,169.1979403888591,4.521380332862299,nicolas romero,H,francisco
reintegracion,ninas grandes,177.2065941051962,4.239850342532405,toluca,M,ariana
reintegracion,villa juvenil,171.3308265106289,1.37633582205024,nicolas romero,H,francisco
reintegracion,mediano,88.70169722949008,2.75179947476756,atlacomulco,H,paola
reintegracion,ninas grandes,191.3411547220419,4.85032453261586,toluca,M,ariana
reintegracion,villa juvenil,182.7775794918996,3.017000694598484,nicolas romero,H,francisco
reintegracion,mediana,71.24607836788299,4.587380193598294,toluca,H,paola
reintegracion,casvh,210.9538861497632,2.051210240679871,san felipe del progreso,M,ara
reintegracion,mediana,71.41545326432393,1.990537782735254,cuautitlan izcalli,M,paola
reintegracion,casvh,5.109000824061939,2.037273754439524,tecamac,M,ara
reintegracion,ninas grandes,174.0517772199248,4.081578322775044,toluca,M,ariana
reintegracion,intermedios,107.6977462083681,5.737506893546873,toluca,H,david
reintegracion,mediano,55.70199047876734,4.206371118603661,toluca,H,paola
reintegracion,ninas grandes,187.5496820323319,1.881423284155397,toluca,M,ariana
reintegracion,mediano,51.48541269156782,4.573210170178148,toluca,H,paola
reintegracion,ninas grandes,159.236762695944,2.413094461066533,toluca,M,ariana
reintegracion,villa juvenil,180.407225725637,5.074147265726769,nicolas romero,H,francisco
reintegracion,ninas grandes,148.2426112412376,4.90073777533291,toluca,M,ariana
reintegracion,mediano,57.21280229887156,5.148314874586473,toluca,H,paola
reintegracion,ninas grandes,161.4719741573722,3.77232071359702,toluca,M,ariana
reintegracion,casvh,192.0311959131693,3.868583162217659,origen venezolano,M,ara
reintegracion,villa juvenil,211.5817683603319,1.048975062254461,zinacantepec,H,francisco
reintegracion,mediano,91.1645483988645,5.003912313113025,toluca,H,paola
reintegracion,casvh,181.0325074016988,2.609643580126132,baja california sur,M,ara
reintegracion,intermedias,128.2634275943641,4.007017853284317,toluca,M,david
reintegracion,casvh,179.5071460577466,3.25010287008791,chalco solidaridad,M,ara
reintegracion,ninas grandes,179.5439486157387,4.359641164864371,toluca,M,ariana
reintegracion,ninas grandes,196.9987969539764,3.623288247086387,toluca,M,ariana
reintegracion,ninas grandes,178.0617936941374,3.878426706729897,toluca,M,ariana
reintegracion,casvh,5.947046071222707,2.155014294017412,toluca,M,ara
reintegracion,casvh,176.8732037137202,2.922360283215906,ciudad de mexico,M,ara
reintegracion,villa juvenil,178.3565218321187,2.342545595063847,nicolas romero,H,francisco
reintegracion,mediano,40.34379865158808,5.079563406225518,toluca,H,paola
reintegracion,intermedias,100.6837957373903,7.238167530351531,ecatepec de morelos,M,david
reintegracion,ninas grandes,180.2108673375318,4.65374688475803,toluca,M,ariana
reintegracion,intermedias,108.7960023065713,3.809943051352263,toluca,M,david
reintegracion,ninas grandes,152.185695936274,3.925160860396426,toluca,M,ariana
reintegracion,ninas grandes,157.5891138766994,5.476937296267532,toluca,M,ariana
reintegracion,mediano,90.34362588360206,4.548903578300998,toluca,H,david
reintegracion,ninas grandes,174.076515134893,3.930571239447345,toluca,M,ariana
reintegracion,ninas grandes,211.8602845697076,4.115956544666683,toluca,M,ariana
reintegracion,intermedias,124.6113126353447,3.691795521136147,toluca,M,david
reintegracion,mediano,59.61239183445143,2.145456316933934,toluca,H,paola
reintegracion,villa juvenil,173.1259938219452,3.949644376458596,nicolas romero,H,francisco
reintegracion,casvh,207.1682306360495,0.8740311726252701,ciudad de mexico,M,ara
reintegracion,mediano,51.81696867498684,0.7931286762423065,toluca,H,paola
sin resolver,casvh,3.779485696927381,1.224544483705765,toluca,H,ara
sin resolver,villa juvenil,177.4711324208976,3.338898906041324,toluca,M,francisco
sin resolver,casvh,4.784252174989863,1.335135997863393,toluca,H,ara
sin resolver,casvh,199.3436463158075,0.8985766035182674,chimalhuacan,M,ara
sin resolver,ninas grandes,155.7994538325742,1.088791873018142,texcoco,M,ariana
sin resolver,mediana,73.14976577170872,0.1515232118688036,toluca,M,paola
sin resolver,mediana,87.43214312118626,0.6693802658267622,toluca,M,paola
sin resolver,mediana,73.48754906737847,0.294336181411777,toluca,M,paola
sin resolver,ninos grandes,147.4310088103181,0.7951030797132924,toluca,H,francisco
sin resolver,intermedios,118.9603290427345,0.9118896821438898,toluca,H,david
sin resolver,ninos grandes,152.941871213769,1.026333951652461,toluca,H,francisco
sin resolver,lactantes,0.8138658681640495,0.9062011740985344,toluca,H,rene
sin resolver,maternal,32.47832557973163,0.5744118590314407,toluca,H,rene
sin resolver,lactantes,0.1946449617958576,0.5107040399750935,toluca,H,rene
sin resolver,ninas grandes,139.634767227318,0.6345344318807159,toluca,M,ariana
sin resolver,casvh,5.130078758879275,1.263960681828238,toluca,H,ara
sin resolver,mediana,78.60514386879863,0.1354280352250799,toluca,M,paola
sin resolver,villa juvenil,173.8521343646904,0.7588015567505115,toluca,H,francisco
sin resolver,intermedias,126.580953624061,0.9485022803033566,toluca,M,david
sin resolver,villa juvenil,161.0979451857704,0.4292286216105254,toluca,H,francisco
sin resolver,intermedias,126.7671833399791,0.89904994020321,toluca,M,david
sin resolver,lactantes,1.030931033651158,0.329071020993482,toluca,M,rene
sin resolver,ninas grandes,176.4383993090317,2.769666357056038,toluca,M,ariana
sin resolver,casvh,6.635783917346783,1.264925159097266,toluca,H,ara
sin resolver,ninas grandes,187.8189702133957,0.8352675968164003,toluca,M,ariana
sin resolver,intermedios,118.3363914520939,0.3724220765847986,toluca,H,david
sin resolver,ninas grandes,194.3471677283025,0.7850910483499448,toluca,M,ariana
sin resolver,lactantes,0.781730876645228,0.6444215275721695,toluca,M,rene
sin resolver,villa juvenil,175.2966404218181,0.5944458495477147,toluca,H,francisco
sin resolver,intermedias,126.6001544139735,0.9313781194301012,toluca,M,david
sin resolver,lactantes,17.6979358294105,0.7604458986044298,toluca,H,rene
sin resolver,intermedias,137.8983846144663,0.5699082003806726,toluca,M,david
sin resolver,casvh,4.486674131503328,1.082115187820233,toluca,H,ara
sin resolver,ninas grandes,188.2700355248486,1.028732084779142,toluca,M,ariana
sin resolver,villa juvenil,177.5346079047987,3.414082591851493,toluca,M,francisco
sin resolver,ninos grandes,147.3104771978886,0.4776515187959511,chicoloapan,H,francisco
sin resolver,mediana,87.6637316902842,0.4097918938765531,toluca,M,paola
sin resolver,intermedios,118.2105475238218,0.7325063171281404,toluca,H,david
sin resolver,ninos grandes,156.1620160635166,1.420230696824527,toluca,M,ariana
sin resolver,lactantes,0.4468381336505037,0.4962369222764703,toluca,H,rene
sin resolver,intermedios,117.7976218684278,0.57444352104795,toluca,H,david
sin resolver,intermedios,116.709845443676,1.277531208922372,toluca,H,david
sin resolver,intermedios,118.1298798476128,0.4875363215270382,toluca,H,david
sin resolver,lactantes,1.718988341549938,0.315061789194536,toluca,H,rene
sin resolver,intermedios,118.006116742803,0.4853820485816492,toluca,H,david
sin resolver,ninas grandes,138.2927541488297,1.123335525920323,toluca,M,ariana
sin resolver,mediana,73.5309319798286,0.2554443570470127,toluca,M,paola
sin resolver,mediano,51.12797364943636,3.412315152909938,toluca,H,paola
sin resolver,lactantes,0.1923140008275341,0.4868985023239292,toluca,H,rene
sin resolver,intermedias,118.89907397719,1.114849538949692,toluca,M,david
sin resolver,mediana,78.81741904502694,0.3362781913201521,toluca,M,paola
sin resolver,mediana,88.28886452627584,0.5123131834570347,toluca,M,paola
sin resolver,lactantes,0.6166080343576712,0.5485722986810101,toluca,H,rene
sin resolver,lactantes,17.68537069665932,0.7612227750917339,toluca,H,rene
sin resolver,maternal,32.22794527715835,0.5696424794702056,toluca,H,rene
sin resolver,mediano,58.26363360932663,0.1754408771738086,toluca,H,paola
sin resolver,intermedios,117.7698923333797,0.481279712519681,toluca,H,david
sin resolver,casvh,5.664417505580857,1.287099775538451,toluca,H,ara
sin resolver,ninas grandes,194.2038438720388,0.8154595020202564,toluca,M,ariana
sin resolver,ninas grandes,186.5148704673376,0.1931011773753809,toluca,M,ariana
sin resolver,lactantes,0.2197944609105516,0.6701851971439412,toluca,M,rene
sin resolver,intermedias,132.9729517151642,0.9510306189122902,toluca,M,david
sin resolver,ninos grandes,144.987206318866,1.033427633277357,chicoloapan,H,francisco
sin resolver,casvh,197.1157919937591,1.565299170365149,chimalhuacan,M,ara
sin resolver,ninas grandes,138.8642935345227,0.8244313000636572,toluca,M,ariana
sin resolver,intermedios,117.0057656407618,1.259899192092493,toluca,H,david
sin resolver,intermedias,118.6797200506834,1.074803038504893,toluca,M,david
sin resolver,maternal,32.50151661796772,0.5633020021209586,toluca,H,rene
sin resolver,maternal,30.0650555574277,0.6920072936176165,toluca,H,rene
sin resolver,intermedios,118.3349188246004,0.4544385515240272,toluca,H,david
sin resolver,mediana,79.0754779900836,0.3306642224937284,toluca,M,paola
sin resolver,lactantes,0.2528321558295131,0.5841328767011851,toluca,M,rene
sin resolver,mediana,73.13308712662516,0.3220053038466849,toluca,M,paola
sin resolver,ninos grandes,145.0361753670537,0.4784450871481347,chicoloapan,H,francisco
sin resolver,lactantes,0.2560437468508978,0.578629135075063,toluca,H,rene
sin resolver,intermedios,115.4878308486782,0.6981875514746102,toluca,H,david
sin resolver,maternal,29.64969635766446,0.700611036530623,toluca,H,rene
sin resolver,intermedios,111.1478675278155,1.257009348835739,toluca,H,david
sin resolver,ninos grandes,144.9914139550488,0.9802789264667242,toluca,H,francisco
sin resolver,intermedios,118.3347368403602,0.4645739767688729,toluca,H,david
sin resolver,ninas grandes,138.8090349075975,0.4736481861738535,toluca,M,ariana
sin resolver,ninos grandes,146.5205835628972,1.006163057498545,toluca,H,francisco
sin resolver,mediana,87.4678028250018,0.5610073658038959,toluca,M,paola
sin resolver,casvh,3.606256945087388,0.8704922759806364,toluca,H,ara
sin resolver,ninos grandes,155.7488088193328,1.490436222647236,toluca,H,francisco
sin resolver,intermedias,138.4149731120236,0.5017470942774866,toluca,M,david
sin resolver,ninos grandes,155.8063846841439,0.946687772762755,toluca,M,ariana
sin resolver,lactantes,16.55728415441031,1.630233810967927,toluca,H,rene
sin resolver,intermedias,126.9725517295098,0.8624985719339725,toluca,M,david
sin resolver,mediana,71.18659312284369,1.249236656999205,toluca,M,paola
sin resolver,intermedios,111.7994193162444,0.9301485755929728,toluca,H,david
sin resolver,lactantes,1.811638140855239,0.498209340377281,toluca,M,rene
sin resolver,ninas grandes,137.694840660706,0.8551753070791076,toluca,M,ariana
sin resolver,casvh,198.9157728099692,0.6561807548934425,chimalhuacan,M,ara
sin resolver,casvh,199.7946247799825,0.681455567662839,chimalhuacan,M,ara
sin resolver,villa juvenil,177.1090797125417,0.9250200324453626,toluca,H,francisco
sin resolver,ninos grandes,148.7095375811497,0.421059363885159,toluca,H,francisco
sin resolver,lactantes,15.03185257720032,1.059390130814122,toluca,H,rene
sin resolver,mediano,56.2187764799575,1.079168253610203,toluca,H,paola
sin resolver,ninas grandes,136.8870017770716,1.403315746223351,toluca,M,ariana
sin resolver,ninas grandes,139.0274149985288,0.7386816933035825,toluca,M,ariana
sin resolver,ninos grandes,145.4992942137296,0.7691102138723422,chicoloapan,H,francisco
sin resolver,lactantes,1.64601276479941,0.7015785945933253,toluca,H,rene
sin resolver,villa juvenil,160.5276725463859,0.6866211242695406,toluca,H,francisco
sin resolver,ninos grandes,147.7076048679215,0.8104123098591893,toluca,H,francisco
sin resolver,mediano,52.49300060090855,4.982488046514864,toluca,H,paola
sin resolver,lactantes,0.8926659437834807,0.5799684858020034,toluca,M,rene
sin resolver,intermedios,116.1318053585567,1.147643041744624,toluca,H,david
sin resolver,casvh,5.055648010368985,1.333190302358847,toluca,H,ara
sin resolver,intermedios,113.5623660730881,1.165593483071259,toluca,H,david
sin resolver,villa juvenil,159.1648137081838,1.213170934098761,toluca,H,francisco
sin resolver,lactantes,0.3241675700246326,0.6300554381676792,toluca,M,rene
sin resolver,lactantes,0.1074154256463647,0.8902608078696405,toluca,M,rene
sin resolver,lactantes,0.1567086455486733,0.503088057684289,toluca,M,rene
sin resolver,ninas grandes,176.4087916631011,1.06085361455422,toluca,M,ariana
sin resolver,casvh,200.0169346123787,0.5496600718952507,chimalhuacan,M,ara
sin resolver,mediana,77.97730432473057,0.1813300618307649,toluca,M,paola
sin resolver,lactantes,0.465130150370677,0.5124443641707421,toluca,H,rene
sin resolver,ninos grandes,156.4378804768714,1.635605813420821,toluca,M,ariana
sin resolver,mediana,77.36920273901018,0.2070117577565588,toluca,M,paola
sin resolver,ninos grandes,145.0558933958963,0.8560951397492412,toluca,H,francisco
sin resolver,intermedios,117.8993968862325,1.206150331959996,toluca,H,david
sin resolver,intermedios,119.0867033544829,0.6627833261698542,toluca,H,david
sin resolver,casvh,192.784105155927,1.265574336177505,chimalhuacan,M,ara
sin resolver,ninas grandes,158.487338364425,2.084132231614755,toluca,M,ariana
sin resolver,ninas grandes,146.8712290361011,0.9911019849418207,toluca,M,ariana
sin resolver,casvh,4.713144111328396,1.330814464124719,toluca,H,ara
sin resolver,ninos grandes,147.9229536041119,0.5558647389556938,chicoloapan,H,francisco
sin resolver,intermedias,126.4725845127823,0.9915456207358224,toluca,M,david
sin resolver,mediano,58.01933696079349,0.294011809847928,toluca,H,paola
sin resolver,lactantes,0.2630871433632314,0.563247507066605,tultitlan,H,rene
sin resolver,ninas grandes,186.6075203433828,0.4478883364998734,toluca,M,ariana
sin resolver,mediana,78.81817858340216,0.2109915186058907,toluca,M,paola
sin resolver,intermedios,110.8274866559827,1.049710213286857,toluca,H,david
sin resolver,ninos grandes,145.7750084421349,0.524981857272767,chicoloapan,H,francisco
sin resolver,ninas grandes,157.2386776184534,1.813109893161785,toluca,M,ariana
sin resolver,lactantes,0.7165359973227644,0.3398996454008178,toluca,M,rene
sin resolver,lactantes,0.4639544546759112,0.6454338588085646,tultitlan,H,rene
sin resolver,mediana,71.06861580907446,1.853344765826873,toluca,M,paola
sin resolver,casvh,201.2631645643136,1.265737440532345,chimalhuacan,M,ara
sin resolver,ninas grandes,193.919515629439,1.019277901493976,toluca,M,ariana
sin resolver,lactantes,3.197868169932349,0.7721170281398604,toluca,M,rene
sin resolver,maternal,41.17968709079734,0.5969013286635363,toluca,M,rene
sin resolver,ninos grandes,154.55653881945,1.059809270416645,toluca,M,ariana
sin resolver,lactantes,17.83419185213504,0.7520214670918912,toluca,H,rene
sin resolver,ninas grandes,187.7925188969171,0.8892608163310461,toluca,M,ariana
sin resolver,ninas grandes,138.8090349075975,0.4736481861738535,toluca,M,ariana
sin resolver,villa juvenil,167.9948221112528,1.037396395968885,toluca,M,francisco
sin resolver,ninos grandes,148.7912703045001,0.4044433706765586,toluca,H,francisco
sin resolver,lactantes,0.1800116939082402,0.8051999449995009,toluca,M,rene
sin resolver,intermedios,118.3140195108324,0.298692834376263,toluca,H,david
sin resolver,mediana,73.13752011542701,0.1543458379409349,toluca,M,paola
sin resolver,mediana,71.68846194665397,1.645863599291038,toluca,M,paola
sin resolver,intermedias,128.197209048866,0.8849265618623608,toluca,M,david
sin resolver,casvh,11.84626106402913,0.6476888258445757,toluca,H,ara
sin resolver,casvh,5.306499251435354,1.199215182350334,toluca,H,ara
sin resolver,ninos grandes,146.8263491428863,0.6509128211826324,toluca,H,francisco
sin resolver,casvh,193.5542391085861,0.701104836132028,chimalhuacan,M,ara
sin resolver,intermedios,115.3234094781074,0.6238861667573732,toluca,H,david
sin resolver,lactantes,0.2300630297617209,0.5176439640813474,toluca,H,rene
sin resolver,intermedias,126.4145375240051,0.9814610736358907,toluca,M,david
sin resolver,ninas grandes,138.9457488996082,0.593272929183241,toluca,M,ariana
sin resolver,lactantes,0.604703944879902,0.7544189162148026,toluca,H,rene
sin resolver,ninas grandes,191.2997166105443,0.9501152496082879,toluca,M,ariana
sin resolver,casvh,4.376440580798177,1.122107787612485,toluca,H,ara
sin resolver,ninas grandes,167.3560584468526,0.8796710354976595,texcoco,M,ariana
sin resolver,lactantes,0.3367817018724242,1.825815249316878,tultitlan,H,rene
sin resolver,ninas grandes,138.4002360963374,0.8181842231467711,toluca,M,ariana
sin resolver,ninas grandes,138.8090349075975,0.4736481861738535,toluca,M,ariana
sin resolver,maternal,44.10083839475163,0.4043853658212326,toluca,M,rene
sin resolver,mediana,82.19382785576502,0.4710794733623951,toluca,M,paola
sin resolver,ninas grandes,183.4268957118716,0.6465207390546727,toluca,M,ariana
sin resolver,intermedias,126.4017224361784,0.9913719391755188,toluca,M,david
sin resolver,casvh,3.892744947561808,1.025212984308344,toluca,H,ara
sin resolver,lactantes,0.1542065924181535,0.4946546791975011,toluca,M,rene
sin resolver,ninas grandes,188.2612363432262,1.024525458477191,toluca,M,ariana
sin resolver,lactantes,0.2117321536269444,0.2819811710752967,toluca,M,rene
sin resolver,ninas grandes,177.9439932608908,0.9365096889687641,toluca,M,ariana
sin resolver,lactantes,0.347776687496214,0.7781478586610094,toluca,M,rene
sin resolver,mediano,53.57973608125948,3.78493607588742,toluca,H,paola
sin resolver,casvh,192.2424053658881,1.029063271806531,chimalhuacan,M,ara
sin resolver,intermedios,112.8083033968329,0.9017938913466788,toluca,H,david
sin resolver,ninos grandes,156.178873111738,1.581039655035976,toluca,M,ariana
sin resolver,mediano,68.46921670236792,0.7188839733206036,toluca,H,paola
sin resolver,ninas grandes,193.1459316235666,0.8927918611725332,toluca,M,ariana
sin resolver,casvh,198.6627325340205,0.675480608161198,chimalhuacan,M,ara
sin resolver,lactantes,0.6146223257167697,0.5417990185407394,toluca,H,rene
sin resolver,maternal,31.66913084478827,0.6162103488343792,toluca,H,rene
sin resolver,ninas grandes,186.6095555561919,0.4534851717250223,toluca,M,ariana
sin resolver,intermedias,126.5180334304334,0.9815020562575647,toluca,M,david
sin resolver,intermedias,118.7444215379851,1.08380363835568,toluca,M,david
sin resolver,maternal,49.45393007383093,0.5785478886715367,toluca,M,rene
sin resolver,intermedias,119.2675878243792,1.140922538581238,toluca,M,david
sin resolver,intermedias,126.6923192261412,0.91353976868797,toluca,M,david
sin resolver,ninos grandes,156.4303310418279,1.532007281709083,toluca,M,ariana
sin resolver,mediana,82.50476979629684,0.4316694943626546,toluca,M,paola
sin resolver,intermedios,116.398684228797,1.29881711292529,toluca,H,david
sin resolver,lactantes,1.837850054975504,2.333814759858669,toluca,H,rene
sin resolver,mediana,89.10336687449933,0.8710792278302713,toluca,M,paola
sin resolver,lactantes,0.0619311962856708,0.8907267434136538,toluca,M,rene
sin resolver,ninos grandes,144.996029219626,0.9334347579967169,chicoloapan,H,francisco
sin resolver,intermedias,134.5514310209387,0.8799181152078932,toluca,M,david
sin resolver,ninas grandes,134.4919975228644,0.817130159972758,toluca,M,ariana
sin resolver,ninas grandes,138.0951358111681,1.066957209038604,toluca,M,ariana
sin resolver,ninas grandes,187.693410493314,0.7888743200715607,toluca,M,ariana
sin resolver,mediano,61.0890827879657,0.4195759496020035,toluca,H,paola
sin resolver,ninas grandes,181.3977161474294,0.7223259653097657,toluca,M,ariana
sin resolver,mediana,80.10148534488555,0.5773415053776709,toluca,M,paola
sin resolver,ninas grandes,180.7203003511481,0.7481500194129369,toluca,M,ariana
sin resolver,lactantes,0.4959695262753401,0.5396554431237609,toluca,H,rene
sin resolver,ninas grandes,187.7367584538691,0.7737882218985995,toluca,M,ariana
sin resolver,lactantes,1.915727524783054,2.513581919331096,toluca,H,rene
sin resolver,mediana,89.76868369667264,0.6810064245933346,toluca,M,paola
sin resolver,ninos grandes,155.2055428581364,1.054866044854792,toluca,M,ariana
sin resolver,ninas grandes,178.6442863349379,0.8351022788115039,toluca,M,ariana
sin resolver,lactantes,0.204709269862024,0.503524819943889,toluca,H,rene
sin resolver,ninos grandes,156.4393197320201,1.635909027286417,toluca,M,ariana
sin resolver,mediana,89.93243478691701,0.8943463210288303,toluca,M,paola
sin resolver,intermedias,126.7068591499163,0.9107255898927771,toluca,M,david
sin resolver,intermedios,117.6611338497227,1.221407526403169,toluca,H,david
sin resolver,villa juvenil,177.0886995010998,1.121310961710902,toluca,H,francisco
sin resolver,ninas grandes,138.0774528136638,1.090226288706333,toluca,M,ariana
sin resolver,casvh,198.4467608957892,1.323775769500147,chimalhuacan,M,ara
sin resolver,casvh,199.80152744253,0.6096595860366523,chimalhuacan,M,ara
sin resolver,mediana,87.74947698646024,0.4839729943587485,toluca,M,paola
sin resolver,ninos grandes,144.9994383292672,0.8947981820632608,toluca,H,francisco
sin resolver,intermedias,126.748157274303,0.9027324045276237,toluca,M,david
sin resolver,ninas grandes,174.7813141530956,1.027783942220896,toluca,M,ariana
sin resolver,maternal,30.21340607493243,0.6889343636949142,toluca,H,rene
sin resolver,lactantes,0.3550951192691196,0.5410224282342223,toluca,H,rene
sin resolver,mediana,84.79254764617158,0.4204444826039664,toluca,M,paola
sin resolver,lactantes,0.4921997813664901,1.578128807279775,toluca,H,rene
sin resolver,lactantes,0.2007720265654886,0.7493700409216455,toluca,M,rene
sin resolver,mediano,50.64890148660569,3.491543076327353,toluca,H,paola
sin resolver,intermedios,114.0675349065146,0.7505882518320622,toluca,H,david
sin resolver,lactantes,0.5963701350918404,0.6722400492264358,toluca,M,rene
sin resolver,lactantes,1.892380018330652,2.459688091936801,toluca,H,rene
sin resolver,casvh,203.4406443139585,1.273377159489817,chimalhuacan,M,ara
sin resolver,maternal,32.86492458046746,0.5774389512457276,toluca,H,rene
sin resolver,mediana,77.09947277347283,0.2426201025717332,toluca,M,paola
sin resolver,villa juvenil,160.6172617128107,0.9137069873903669,toluca,H,francisco
sin resolver,lactantes,17.2042304765918,1.197971718892032,toluca,H,rene
sin resolver,lactantes,0.6039974201921485,0.7056535192511968,toluca,M,rene
sin resolver,intermedias,127.1187359715744,0.8310074953783058,toluca,M,david
sin resolver,intermedios,115.607016587004,1.316463569039087,toluca,H,david
sin resolver,mediana,77.95960908592178,0.1615183812810835,toluca,M,paola
sin resolver,intermedios,112.9948853789491,1.159655241954897,toluca,H,david
sin resolver,mediano,51.4859243938089,0.5904373279433832,toluca,H,paola
sin resolver,mediana,73.8571756325767,0.3032929047709109,toluca,M,paola
sin resolver,ninos grandes,156.2986132763865,0.5656944507440734,toluca,M,ariana
sin resolver,intermedias,128.3338239707161,0.9208967652957677,toluca,M,david
sin resolver,ninas grandes,155.543599996119,0.9954711530435483,texcoco,M,ariana
sin resolver,ninas grandes,195.4427101089701,1.272338899004903,toluca,M,ariana
sin resolver,mediana,80.08355475309887,0.2837128011315098,toluca,M,paola
sin resolver,intermedias,129.4529523309872,0.9826114755697674,toluca,M,david
sin resolver,intermedios,117.7370212211632,0.8914486340536952,toluca,H,david
sin resolver,casvh,200.0987389993169,0.5294302503980839,chimalhuacan,M,ara
sin resolver,maternal,42.34713436551483,0.5186486995627656,toluca,M,rene
sin resolver,mediano,69.67232432904645,1.990417522245038,toluca,H,paola
sin resolver,mediana,72.75524959521674,0.3542732102296632,toluca,M,paola
sin resolver,intermedios,113.9352928042678,1.189169775638039,toluca,H,david
sin resolver,lactantes,14.25078251911885,0.6347425465572508,tecamac,H,rene
sin resolver,intermedios,115.5214301046756,0.8724836919613537,toluca,H,david
sin resolver,lactantes,1.896461626639217,0.6904962472250673,toluca,H,rene
sin resolver,mediana,69.82172170719278,1.881603839720606,toluca,M,paola
sin resolver,intermedias,126.875545406579,0.8780766369903066,toluca,M,david
sin resolver,intermedios,116.5819669188085,0.7471989737544332,toluca,H,david
sin resolver,lactantes,0.7187681618895416,0.5097326959009547,toluca,M,rene
sin resolver,ninas grandes,179.5932231679943,0.8318615545921049,toluca,M,ariana
sin resolver,ninos grandes,156.2279579626984,0.6111269946183437,toluca,M,ariana
sin resolver,casvh,198.5714476697409,1.047347118997868,chimalhuacan,M,ara
sin resolver,casvh,197.0389757526492,1.592925681144588,chimalhuacan,M,ara
sin resolver,mediano,62.02483235776713,0.7233097238945029,toluca,H,paola
sin resolver,ninas grandes,158.3327218349414,2.057158192096845,toluca,M,ariana
sin resolver,casvh,4.727451124857291,1.27159851240496,toluca,H,ara
sin resolver,lactantes,17.55670664026804,1.20946766193766,toluca,H,rene
sin resolver,ninas grandes,157.2662916132037,1.836973591035182,toluca,M,ariana
sin resolver,mediana,80.78913896505651,0.4928482222647743,toluca,M,paola
sin resolver,ninos grandes,145.3965352750491,0.7129584785111509,chicoloapan,H,francisco
sin resolver,casvh,4.802559623940565,1.348039358388732,toluca,H,ara
sin resolver,lactantes,0.137724423470907,0.8006740925644291,toluca,M,rene
sin resolver,ninos grandes,145.7163902303009,0.3793419483053278,chicoloapan,H,francisco
sin resolver,mediano,51.72670896577581,0.6081660248034478,toluca,H,paola
sin resolver,lactantes,0.9493868069550113,0.3512209009017842,toluca,M,rene
sin resolver,mediano,56.3789831788434,0.9586862387592371,toluca,H,paola
sin resolver,ninas grandes,157.8532563307103,1.840970714693226,toluca,M,ariana
situacion juridica resuelta,villa juvenil,119.6095623852418,5.521887650798875,toluca,H,francisco
situacion juridica resuelta,villa juvenil,126.3637331116151,3.854767167989164,tlatlaya,H,francisco
situacion juridica resuelta,lactantes,0.5891456717615238,1.823418157390793,toluca,H,rene
situacion juridica resuelta,casvh,133.758203442829,3.765323408012555,toluca,M,ara
situacion juridica resuelta,ninos grandes,105.5200462116957,6.58821185304656,toluca,H,francisco
situacion juridica resuelta,casvh,136.2294219100671,4.996905704744927,toluca,M,ara
situacion juridica resuelta,casvh,121.0245056990417,2.348827586383246,toluca,M,ara
situacion juridica resuelta,intermedios,85.07579290579903,5.006811564266786,toluca,H,david
situacion juridica resuelta,castri,10.23184443710191,19.00740444057233,toluca,H,miguel angel
situacion juridica resuelta,lactantes,3.642289476978614,3.006478670681445,toluca,H,rene
situacion juridica resuelta,casvh,142.4710657225127,5.95655465608939,toluca,M,ara
situacion juridica resuelta,casvh,119.8753217787558,3.51158175987175,toluca,M,francisco
situacion juridica resuelta,mediano,36.15031028523271,4.189974270918439,toluca,H,paola
situacion juridica resuelta,casvh,142.5241946136273,6.070634191732791,toluca,M,ara
situacion juridica resuelta,intermedios,54.38292497053837,5.531987963237086,ecatepec de morelos,H,david
situacion juridica resuelta,villa juvenil,82.02489579535766,15.67900967737399,atizapan de zaragosa,H,francisco
situacion juridica resuelta,intermedios,54.78476484872732,5.71437553842354,toluca,H,david
situacion juridica resuelta,mediano,54.3153431779778,0.4131851419383821,toluca,H,paola
situacion juridica resuelta,casvh,195.4734067868627,6.753417609107313,toluca,M,ara
situacion juridica resuelta,casvh,133.9164066615438,4.567973580815879,toluca,M,ara
situacion juridica resuelta,ninos grandes,127.2795900316154,2.862054586485705,acambay,H,francisco
situacion juridica resuelta,casvh,200.1827035384944,1.26730845098311,toluca,M,ara
situacion juridica resuelta,mediano,37.61982092965365,2.746193049036227,toluca,H,paola
situacion juridica resuelta,casvh,134.0777748460316,4.430388461593356,toluca,M,ara
situacion juridica resuelta,lactantes,3.7443018055245,4.194746715758598,toluca,M,rene
situacion juridica resuelta,casvh,131.5603464620387,1.956198255708167,toluca,M,ara
situacion juridica resuelta,casvh,196.6099201585014,6.874773477071254,toluca,M,ara
situacion juridica resuelta,villa juvenil,133.765348022153,6.833110272593576,tlanepantla de baz,H,francisco
situacion juridica resuelta,castri,13.60940699200544,20.33644271257855,toluca,H,miguel angel
situacion juridica resuelta,casvh,121.978432386467,4.168605094868071,toluca,M,ara
situacion juridica resuelta,lactantes,0.8969271998336813,1.397012498707491,toluca,H,rene
situacion juridica resuelta,intermedios,89.81246118513968,4.997057202611751,atizapan de zaragosa,H,david
situacion juridica resuelta,castri,47.98402686625334,17.9770335922777,zumpango,M,miguel angel
situacion juridica resuelta,casvh,119.8863270124914,4.977559699144662,toluca,M,francisco
situacion juridica resuelta,maternal,53.05034052741799,0.3416349446432687,toluca,H,paola
situacion juridica resuelta,castri,43.58252900080425,17.82315713016618,atlacomulco,M,miguel angel
situacion juridica resuelta,lactantes,3.477680241333089,2.887021966917031,toluca,H,rene
situacion juridica resuelta,castri,57.39172691360746,10.08159393121429,toluca,H,miguel angel
situacion juridica resuelta,villa juvenil,126.960578871626,3.024424043125217,tlatlaya,H,francisco
situacion juridica resuelta,castri,10.21044279222008,16.35556292414044,toluca,H,miguel angel
situacion juridica resuelta,casvh,77.70835821188759,12.95443336442425,toluca,M,ara
situacion juridica resuelta,casvh,195.8266629731355,5.59574471572923,toluca,M,ara
situacion juridica resuelta,casvh,132.059674773108,1.860064255558978,toluca,M,ara
situacion juridica resuelta,ninos grandes,104.209940768861,5.384440786721671,chalco solidaridad,H,francisco
situacion juridica resuelta,casvh,132.4339023190495,1.960986929914385,toluca,M,ara
situacion juridica resuelta,casvh,132.8883565031068,1.74583156197475,toluca,M,ara
situacion juridica resuelta,casvh,201.6190062300823,2.079577009386637,toluca,M,ara
situacion juridica resuelta,lactantes,1.353320201737285,2.707039286648832,toluca,H,rene
situacion juridica resuelta,casvh,78.32895578291452,11.82783660385126,toluca,M,ara
situacion juridica resuelta,villa juvenil,128.3113641651666,5.735181268061017,jilotepec,H,francisco
situacion juridica resuelta,ninos grandes,104.7804301066126,4.850588919875601,toluca,H,francisco
situacion juridica resuelta,villa juvenil,153.3710479837744,8.27416264294595,toluca,H,francisco
situacion juridica resuelta,villa juvenil,119.4606794699238,4.867842902163313,toluca,H,francisco
situacion juridica resuelta,lactantes,0.9425742424237515,1.412444346031472,toluca,H,rene
situacion juridica resuelta,casvh,131.0217311643042,4.953668230108786,toluca,M,ara
situacion juridica resuelta,intermedios,81.16623105852914,3.326470236852055,toluca,M,david
situacion juridica resuelta,lactantes,1.335551427179722,5.064413226797003,toluca,H,rene
situacion juridica resuelta,casvh,133.94538109899,4.715035017732741,toluca,M,ara
situacion juridica resuelta,villa juvenil,151.9960544517869,9.295814813806475,toluca,H,francisco
situacion juridica resuelta,casvh,197.9735319716812,3.820215662353199,toluca,M,ara
situacion juridica resuelta,lactantes,0.7625956201549069,2.759559746816052,toluca,H,rene
situacion juridica resuelta,casvh,197.6293023971041,0.5969521574697525,toluca,M,ara
situacion juridica resuelta,castri,15.79010733778423,12.47403049124759,toluca,H,miguel angel
situacion juridica resuelta,castri,36.30471651780297,18.38050314300994,melchor ocampo,M,miguel angel
situacion juridica resuelta,casvh,133.1409638259602,2.123927913876316,toluca,M,ara
situacion juridica resuelta,casvh,200.5229032435858,1.34950905550413,toluca,M,ara
situacion juridica resuelta,casvh,202.1786643226832,7.351027250798171,jocotitlan,M,ara
situacion juridica resuelta,mediano,15.2995424530434,3.593903351900222,toluca,H,paola
situacion juridica resuelta,casvh,120.8419180564533,1.926861587090092,toluca,M,ara
situacion juridica resuelta,casvh,131.4783337696787,1.774574320959955,toluca,M,ara
situacion juridica resuelta,casvh,169.9714006237083,5.121487122623908,toluca,M,ara
situacion juridica resuelta,villa juvenil,152.7584458646597,2.907653465830954,toluca,H,francisco
situacion juridica resuelta,villa juvenil,128.8368967278197,5.353518244273163,toluca,H,francisco
situacion juridica resuelta,castri,14.4423970939599,9.906249153633127,toluca,H,miguel angel
situacion juridica resuelta,maternal,55.31372676305707,0.6262247951457951,toluca,H,rene
situacion juridica resuelta,villa juvenil,121.7469438606404,5.255153780537967,tonatico,H,francisco
situacion juridica resuelta,casvh,75.32874441126035,15.4831897363899,toluca,M,ara
situacion juridica resuelta,lactantes,4.634605010508611,3.258795768395225,toluca,H,rene
situacion juridica resuelta,casvh,167.6617543900679,3.41367533751096,toluca,M,ara
situacion juridica resuelta,casvh,196.1909577736217,6.854554718508774,toluca,M,ara
situacion juridica resuelta,castri,9.40280408288233,18.33268706804407,toluca,H,miguel angel
situacion juridica resuelta,casvh,168.4978981549746,3.45240311464281,toluca,M,ara
situacion juridica resuelta,casvh,76.9687388247647,13.97847924996525,atizapan de zaragosa,H,francisco
situacion juridica resuelta,villa juvenil,120.8208574828754,6.625320333392848,toluca,H,francisco
situacion juridica resuelta,casvh,137.3935073723801,5.178587628439039,toluca,M,ara
situacion juridica resuelta,ninos grandes,105.1302206252625,5.052805229519241,toluca,H,francisco
situacion juridica resuelta,castri,85.89212607886681,2.523959774601632,toluca,H,david
situacion juridica resuelta,lactantes,0.4681943690077794,2.252302843686653,toluca,H,rene
situacion juridica resuelta,mediano,30.42346334905788,4.166497083902376,toluca,H,paola
situacion juridica resuelta,casvh,119.4698608900363,1.93565722196703,toluca,M,francisco
situacion juridica resuelta,villa juvenil,132.211852397774,3.934663140392324,tlanepantla de baz,H,francisco
situacion juridica resuelta,casvh,210.9481265529684,1.144977599796889,toluca,M,ara
situacion juridica resuelta,casvh,169.9769910336842,8.686978037464197,toluca,M,ara
situacion juridica resuelta,castri,35.12067869085676,18.09538159177794,atlacomulco,H,miguel angel
situacion juridica resuelta,casvh,133.9107892334575,4.202359652393526,toluca,M,ara
situacion juridica resuelta,castri,11.4161224313811,20.28503768214831,toluca,H,miguel angel
situacion juridica resuelta,casvh,199.2868864691346,5.465246048514389,toluca,M,ara
situacion juridica resuelta,casvh,195.7946034590363,6.902090861232749,toluca,M,ara
situacion juridica resuelta,casvh,82.6479962567266,15.7608372432319,atizapan de zaragosa,H,francisco
situacion juridica resuelta,casvh,167.6293124793442,3.932735520555124,toluca,M,ara
situacion juridica resuelta,mediano,31.32557060298322,4.025189686698672,toluca,H,paola
situacion juridica resuelta,casvh,121.569108766577,4.09941609166224,toluca,M,ara
situacion juridica resuelta,casvh,134.0117160628896,4.572414845348679,toluca,M,ara
situacion juridica resuelta,mediano,35.96652912944808,4.116894626543933,toluca,H,paola
situacion juridica resuelta,intermedios,85.5086607820514,4.372190922495337,toluca,H,david
situacion juridica resuelta,ninos grandes,128.9197399336607,3.145878709054803,villa victoria,H,francisco
situacion juridica resuelta,villa juvenil,152.8228150188086,2.982344060254363,toluca,H,francisco
situacion juridica resuelta,casvh,177.6145705376666,1.814903159702672,toluca,M,ara
situacion juridica resuelta,ninos grandes,106.2061615183109,5.013783557968313,toluca,H,francisco
situacion juridica resuelta,castri,47.97415193346729,17.96366656569537,atlacomulco,M,miguel angel
situacion juridica resuelta,ninos grandes,105.157952062062,4.817639959976459,toluca,H,francisco
situacion juridica resuelta,villa juvenil,134.7610059161437,6.254697117966099,tlanepantla de baz,H,francisco
situacion juridica resuelta,lactantes,0.5405547906348909,1.890736773951649,toluca,H,rene
situacion juridica resuelta,mediano,54.7474249654043,1.338291941779119,toluca,H,paola
situacion juridica resuelta,casvh,120.6532448953656,1.503919250985255,toluca,M,ara
situacion juridica resuelta,castri,37.85496762367981,16.14773260612339,melchor ocampo,M,miguel angel
situacion juridica resuelta,ninos grandes,105.4795373204794,4.586904789972475,toluca,H,francisco
situacion juridica resuelta,villa juvenil,119.621387783221,5.90932195032577,toluca,H,francisco
situacion juridica resuelta,villa juvenil,127.0511660673734,2.619319499772704,tlatlaya,H,francisco
situacion juridica resuelta,mediano,55.18284518492023,2.011441175259519,toluca,H,paola
situacion juridica resuelta,villa juvenil,127.2733748405363,3.584934769076622,tlatlaya,H,francisco
situacion juridica resuelta,maternal,53.25877952051257,0.5053130001181825,toluca,H,paola
situacion juridica resuelta,ninos grandes,104.8991485789101,11.25120610383512,toluca,H,francisco
situacion juridica resuelta,casvh,171.8254191953305,3.732960107583365,toluca,M,ara
situacion juridica resuelta,castri,14.50819548909973,8.14040538132563,toluca,H,miguel angel
situacion juridica resuelta,casvh,145.7305642168407,5.114897459544128,toluca,M,ara
situacion juridica resuelta,ninos grandes,106.8744997041156,5.186096189459116,toluca,H,francisco
situacion juridica resuelta,castri,45.80656970212627,19.34377084896602,zumpango,M,miguel angel
situacion juridica resuelta,ninos grandes,127.258414183819,2.847828248408476,villa victoria,H,francisco
situacion juridica resuelta,casvh,78.71291878669504,13.54630089998507,atizapan de zaragosa,H,francisco
situacion juridica resuelta,maternal,15.36905760698456,3.618933179341301,toluca,M,paola
situacion juridica resuelta,ninos grandes,130.8336695113229,3.605699888601239,villa victoria,H,francisco
situacion juridica resuelta,intermedios,54.53584226028816,5.541558920996189,toluca,H,david
situacion juridica resuelta,villa juvenil,134.9658081181427,4.592014380178814,tlanepantla de baz,H,francisco
situacion juridica resuelta,castri,15.54979660801865,6.323408564638425,toluca,H,miguel angel
situacion juridica resuelta,castri,30.98213979796026,16.41009489480363,tlanepantla de baz,H,miguel angel
situacion juridica resuelta,casvh,172.7441701090407,3.621767476511655,toluca,M,ara
situacion juridica resuelta,mediano,14.96896966503256,3.474876357474933,toluca,M,paola
situacion juridica resuelta,casvh,130.5373131712623,4.976384278614878,toluca,M,ara
situacion juridica resuelta,casvh,215.4373935478824,0.7888477786245719,jocotitlan,M,ara
situacion juridica resuelta,villa juvenil,128.6820749333564,5.96218207681131,jilotepec,H,francisco
situacion juridica resuelta,castri,41.03432905642226,18.01690887823165,melchor ocampo,M,miguel angel
situacion juridica resuelta,lactantes,0.9367129250223561,4.644278707077048,toluca,H,rene
situacion juridica resuelta,lactantes,1.307378559939023,2.029578953433659,toluca,H,rene
situacion juridica resuelta,lactantes,0.7395064315987719,3.407903909866235,toluca,H,rene
situacion juridica resuelta,villa juvenil,135.3814294669857,7.178882567836007,tlanepantla de baz,H,francisco
situacion juridica resuelta,casvh,134.0658817172064,4.455958688567489,toluca,M,ara
situacion juridica resuelta,ninos grandes,100.9156291221106,8.462965551050152,chalco solidaridad,H,francisco
situacion juridica resuelta,casvh,199.7681697687405,5.752503113349122,toluca,M,ara
situacion juridica resuelta,casvh,202.613797682001,1.8995421062316,toluca,M,ara
situacion juridica resuelta,casvh,196.0120281751864,5.699056979334749,toluca,M,ara
situacion juridica resuelta,villa juvenil,127.4305593548614,2.993192589313577,tlatlaya,H,francisco
situacion juridica resuelta,casvh,130.5487246995242,4.941674213485109,toluca,M,ara
situacion juridica resuelta,casvh,197.501106179807,7.019153408623112,toluca,M,ara
situacion juridica resuelta,castri,56.9633532723149,9.06673769213109,toluca,H,miguel angel
situacion juridica resuelta,villa juvenil,81.17973966335278,14.23140895315395,atizapan de zaragosa,H,francisco
situacion juridica resuelta,intermedios,85.63608537195253,5.309392914168104,atizapan de zaragosa,H,david
situacion juridica resuelta,casvh,173.4024511708036,1.904209010867288,toluca,M,ara
situacion juridica resuelta,villa juvenil,120.5862193090163,4.845202732986166,toluca,H,francisco
situacion juridica resuelta,casvh,167.6394612770257,3.512059835789732,toluca,M,ara
situacion juridica resuelta,mediano,25.31911980858837,4.598534637866464,toluca,H,paola
situacion juridica resuelta,lactantes,3.635726793793524,2.9643692745464,toluca,H,rene
situacion juridica resuelta,casvh,119.6540430318161,4.833375184199755,toluca,M,francisco
situacion juridica resuelta,villa juvenil,128.9930233119303,4.402853200906921,jilotepec,H,francisco
situacion juridica resuelta,lactantes,0.613263294098725,3.02035593331596,toluca,H,rene
situacion juridica resuelta,casvh,134.2334585950795,4.802355191471429,toluca,M,ara
situacion juridica resuelta,villa juvenil,120.2350172008138,6.415321538759316,tlatlaya,H,francisco
situacion juridica resuelta,casvh,131.912047473386,1.535548702253207,toluca,M,ara
situacion juridica resuelta,castri,10.75544470385602,19.57227950312913,toluca,H,miguel angel
situacion juridica resuelta,lactantes,0.9199178644763859,4.635181382614648,toluca,H,rene
situacion juridica resuelta,castri,7.77512083993699,17.66853979081795,ecatepec de morelos,H,miguel angel
situacion juridica resuelta,ninos grandes,104.2720926723865,5.341708111190315,chalco solidaridad,H,francisco
situacion juridica resuelta,ninos grandes,127.2014602175641,2.731886245675332,villa victoria,H,francisco
situacion juridica resuelta,castri,48.35118304449649,17.74657852932844,zumpango,M,miguel angel
situacion juridica resuelta,lactantes,4.815744940143688,3.247696508000919,toluca,H,rene
situacion juridica resuelta,castri,1.320868850490905,6.524443169182968,toluca,H,miguel angel
situacion juridica resuelta,casvh,172.1114313445792,2.657977889004212,toluca,M,ara
situacion juridica resuelta,casvh,120.3272159209605,2.180266369597502,toluca,M,ara
situacion juridica resuelta,villa juvenil,133.9564895945979,5.788273313509086,tlanepantla de baz,H,francisco
situacion juridica resuelta,lactantes,3.103772906856061,2.856715918647644,toluca,H,rene
situacion juridica resuelta,casvh,119.6658853148758,4.841673366545338,toluca,M,francisco
situacion juridica resuelta,casvh,170.0977788758143,8.58996006936193,toluca,M,miguel angel
situacion juridica resuelta,lactantes,0.456362675937687,2.007377932855067,toluca,H,rene
situacion juridica resuelta,casvh,213.6871937774934,0.903970288141758,jocotitlan,M,ara
situacion juridica resuelta,villa juvenil,128.9856390528417,5.225696155088401,jilotepec,H,francisco
situacion juridica resuelta,casvh,171.5181918448111,4.491912240858053,toluca,M,ara
situacion juridica resuelta,villa juvenil,119.5236922616031,4.854892908778038,toluca,H,francisco
situacion juridica resuelta,casvh,131.6425688854816,2.205419917242388,toluca,M,ara
situacion juridica resuelta,ninos grandes,129.9615441199374,3.397529254979071,villa victoria,H,francisco
situacion juridica resuelta,mediano,24.19454918467437,4.878966857699822,toluca,H,paola
situacion juridica resuelta,casvh,202.5559597404968,7.385838176487405,jocotitlan,M,ara
situacion juridica resuelta,mediano,39.24265646604212,3.911658395575865,toluca,H,paola
situacion juridica resuelta,villa juvenil,128.5071408855395,6.196439462737627,jilotepec,H,francisco
situacion juridica resuelta,casvh,119.6361034434708,4.838227423483601,toluca,M,francisco
situacion juridica resuelta,villa juvenil,126.6041135868507,3.029624796654983,tlatlaya,H,francisco
situacion juridica resuelta,castri,55.35873813301259,4.032911441487705,toluca,H,miguel angel
situacion juridica resuelta,casvh,193.1169713281489,4.103302180121621,toluca,M,ara
situacion juridica resuelta,casvh,130.9645512200563,4.277178665120948,toluca,M,ara
situacion juridica resuelta,casvh,130.5752979353616,4.567900448770342,toluca,M,ara
situacion juridica resuelta,casvh,164.7286993158681,2.428895705229859,toluca,M,ara
situacion juridica resuelta,casvh,216.1433922642513,0.7899563421757897,toluca,M,ara
situacion juridica resuelta,villa juvenil,154.5502776817528,4.301432938366928,toluca,H,francisco
situacion juridica resuelta,villa juvenil,126.6210512740093,4.178446556446533,tlatlaya,H,francisco
situacion juridica resuelta,casvh,131.1426047330712,4.696625801314893,toluca,M,ara
situacion juridica resuelta,castri,38.34065106371311,18.92959256048955,atlacomulco,M,miguel angel
situacion juridica resuelta,casvh,119.6819350259012,4.838356731632888,toluca,M,francisco
situacion juridica resuelta,casvh,139.8259625950122,5.403079313157781,toluca,M,ara
situacion juridica resuelta,casvh,170.8355712062965,5.462089459609254,toluca,M,ara
situacion juridica resuelta,ninos grandes,104.7158250514429,4.934589191663157,chalco solidaridad,H,francisco
situacion juridica resuelta,villa juvenil,119.4831254494864,4.867391402574411,toluca,H,francisco
situacion juridica resuelta,casvh,197.551355973439,6.382403235181227,toluca,M,ara
situacion juridica resuelta,casvh,131.1133537487419,4.043594222872922,toluca,M,ara
situacion juridica resuelta,casvh,169.1196084410265,3.328248435248611,toluca,M,ara
situacion juridica resuelta,lactantes,1.773172269038638,2.332608654552367,toluca,H,rene
situacion juridica resuelta,intermedios,85.76485890019869,6.983465058095128,atizapan de zaragosa,H,david
situacion juridica resuelta,casvh,141.8298162298905,5.525219884098817,toluca,M,ara
situacion juridica resuelta,villa juvenil,127.164635812609,2.592319252356079,tlatlaya,H,francisco
situacion juridica resuelta,casvh,170.8286864328633,3.589342969766637,toluca,M,ara
situacion juridica resuelta,casvh,172.1956870659807,4.133710480140469,toluca,M,ara
situacion juridica resuelta,maternal,53.56508279694073,0.5196665084288971,toluca,H,paola
situacion juridica resuelta,castri,57.73808326686955,10.1136211159986,toluca,H,miguel angel
situacion juridica resuelta,casvh,132.1126920809059,1.032763823175486,toluca,M,ara
situacion juridica resuelta,casvh,133.4497651072685,2.887141723072102,toluca,M,ara
situacion juridica resuelta,castri,56.95922533453832,9.065871334819954,toluca,H,miguel angel
situacion juridica resuelta,casvh,129.802413557108,5.039100737267109,toluca,M,ara
situacion juridica resuelta,casvh,167.3636329565238,3.222899302482257,toluca,M,ara
situacion juridica resuelta,casvh,171.7326867916782,4.1925596576402,toluca,M,ara
situacion juridica resuelta,mediano,26.3437765433452,4.387130324983167,toluca,H,paola
situacion juridica resuelta,casvh,75.55207246968672,13.76455705360033,toluca,M,ara
situacion juridica resuelta,castri,10.85847538840856,19.7926108137606,toluca,H,miguel angel
situacion juridica resuelta,mediano,53.71599357477709,0.3712709892701241,toluca,H,paola
situacion juridica resuelta,lactantes,4.7369596981126,3.387871753077768,toluca,M,rene
situacion juridica resuelta,casvh,202.4388702594997,1.815524969731255,toluca,M,ara
situacion juridica resuelta,ninos grandes,131.0929371059372,3.667585369727766,villa victoria,H,francisco
situacion juridica resuelta,lactantes,2.730120864143476,2.734344502152922,toluca,H,rene
situacion juridica resuelta,castri,1.436926167058907,5.982382881378355,ecatepec de morelos,H,miguel angel
situacion juridica resuelta,casvh,131.0687430544396,4.113622361769107,toluca,M,ara
situacion juridica resuelta,casvh,200.1013697447343,1.294527410667567,toluca,M,ara
situacion juridica resuelta,casvh,194.6224406848235,5.699153152898303,toluca,M,ara
situacion juridica resuelta,ninos grandes,106.2009872822195,4.41755722712712,toluca,H,francisco
situacion juridica resuelta,mediano,35.70335585041131,4.012245107071884,toluca,H,paola
situacion juridica resuelta,lactantes,0.5934304353644493,2.915352822432685,toluca,H,rene
situacion juridica resuelta,casvh,197.9069271872911,0.6701238843896022,toluca,M,ara
situacion juridica resuelta,ninos grandes,105.8514487309547,3.934962926004554,toluca,H,francisco
situacion juridica resuelta,casvh,197.6047398701106,1.859268255583456,toluca,M,ara
situacion juridica resuelta,casvh,79.69369408146176,10.99484842557179,toluca,M,ara
situacion juridica resuelta,villa juvenil,135.4907597535934,6.410028467471847,tlanepantla de baz,H,francisco
situacion juridica resuelta,castri,40.49399739518803,16.36389630745288,toluca,M,miguel angel
situacion juridica resuelta,intermedios,81.40801276767095,5.026171987089139,toluca,H,david
situacion juridica resuelta,intermedios,85.12773708939892,4.994041503248035,toluca,H,david
situacion juridica resuelta,casvh,196.9420261272804,7.01525542569945,toluca,M,ara
situacion juridica resuelta,casvh,167.5958510804106,3.980729425840554,toluca,M,ara
situacion juridica resuelta,casvh,197.8975290621787,4.334212460137948,toluca,M,ara
situacion juridica resuelta,villa juvenil,152.244701592321,4.690828619669284,toluca,H,francisco
situacion juridica resuelta,casvh,143.770086552472,5.178296870677062,toluca,M,ara
situacion juridica resuelta,maternal,53.08551077876739,0.328442115844375,toluca,H,paola
situacion juridica resuelta,castri,55.38424020278394,3.885076324915284,toluca,H,miguel angel
situacion juridica resuelta,casvh,169.8357409206601,8.558313248171684,toluca,M,ara
situacion juridica resuelta,intermedios,85.44506605690032,4.844540604691431,atizapan de zaragosa,H,david
situacion juridica resuelta,villa juvenil,153.5667164428578,3.316775270151637,toluca,H,francisco
situacion juridica resuelta,ninos grandes,104.1877142420153,5.424925408471973,chalco solidaridad,H,francisco
situacion juridica resuelta,casvh,153.4303354263143,2.372065221790156,ixtlahuaca,M,ara
situacion juridica resuelta,casvh,192.204782128975,3.623396900875709,toluca,M,ara
situacion juridica resuelta,casvh,197.7889977293107,2.133759756288755,toluca,M,ara
situacion juridica resuelta,casvh,194.1361632975768,7.450806875984602,toluca,M,ara
situacion juridica resuelta,casvh,119.7015132988862,4.835095277140777,toluca,M,francisco
situacion juridica resuelta,mediano,37.2831846946577,3.088137548818816,los reyes la paz,H,paola
situacion juridica resuelta,villa juvenil,154.7433467260852,3.845745744599155,toluca,H,francisco
situacion juridica resuelta,mediano,34.40874649204807,3.886854368062041,toluca,H,paola
situacion juridica resuelta,castri,85.57065346208744,5.523456318008677,toluca,H,david
situacion juridica resuelta,castri,37.03982400432815,17.19668759744197,melchor ocampo,M,miguel angel
situacion juridica resuelta,castri,58.0897940782646,9.247337569831277,toluca,H,miguel angel
situacion juridica resuelta,intermedios,53.49793193297644,4.536162341172656,tlanepantla de baz,H,david
situacion juridica resuelta,mediano,39.18956054091745,4.197993001378201,toluca,H,paola
situacion juridica resuelta,lactantes,0.4640418946483147,2.23031797849658,toluca,H,rene
situacion juridica resuelta,castri,32.39169825531602,18.84637489404572,atlacomulco,H,miguel angel
situacion juridica resuelta,castri,31.10296672770147,15.67840610782192,atlacomulco,H,miguel angel
situacion juridica resuelta,castri,52.2516712162707,5.141192661189312,ecatepec de morelos,H,miguel angel
situacion juridica resuelta,casvh,121.4715436104357,4.017913903255779,toluca,M,ara
situacion juridica resuelta,villa juvenil,82.78054053067785,15.77824338554482,atizapan de zaragosa,H,francisco
situacion juridica resuelta,casvh,200.7809422834776,1.393389293257851,toluca,M,ara
situacion juridica resuelta,castri,45.12419239374876,19.77208259986658,ecatepec de morelos,M,miguel angel
situacion juridica resuelta,intermedios,55.44671052643479,5.684287098527744,toluca,H,david
situacion juridica resuelta,casvh,199.4667288217384,1.191805874673095,toluca,M,ara
situacion juridica resuelta,intermedios,85.36728075951278,4.932000820129495,toluca,H,david
situacion juridica resuelta,casvh,202.6838652216123,8.59435102643709,jocotitlan,M,ara
